timestamp,beats per minute,data source
2025-07-31T00:00:00Z,103.0,Sense 2
2025-07-31T00:00:02Z,102.0,Sense 2
2025-07-31T00:00:04Z,104.0,Sense 2
2025-07-31T00:00:06Z,100.0,Sense 2
2025-07-31T00:00:08Z,98.0,Sense 2
2025-07-31T00:00:10Z,99.0,Sense 2
2025-07-31T00:00:12Z,96.0,Sense 2
2025-07-31T00:00:14Z,98.0,Sense 2
2025-07-31T00:00:16Z,101.0,Sense 2
2025-07-31T00:00:18Z,100.0,Sense 2
2025-07-31T00:00:20Z,98.0,Sense 2
2025-07-31T00:00:21Z,97.0,Sense 2
2025-07-31T00:00:23Z,96.0,Sense 2
2025-07-31T00:00:25Z,96.0,Sense 2
2025-07-31T00:00:27Z,94.0,Sense 2
2025-07-31T00:00:29Z,93.0,Sense 2
2025-07-31T00:00:32Z,93.0,Sense 2
2025-07-31T00:00:35Z,91.0,Sense 2
2025-07-31T00:00:37Z,90.0,Sense 2
2025-07-31T00:00:39Z,92.0,Sense 2
2025-07-31T00:00:41Z,93.0,Sense 2
2025-07-31T00:00:43Z,91.0,Sense 2
2025-07-31T00:00:44Z,94.0,Sense 2
2025-07-31T00:00:47Z,94.0,Sense 2
2025-07-31T00:00:48Z,94.0,Sense 2
2025-07-31T00:00:50Z,97.0,Sense 2
2025-07-31T00:00:52Z,96.0,Sense 2
2025-07-31T00:00:54Z,92.0,Sense 2
2025-07-31T00:00:56Z,94.0,Sense 2
2025-07-31T00:00:58Z,93.0,Sense 2
2025-07-31T00:01:01Z,93.0,Sense 2
2025-07-31T00:01:02Z,92.0,Sense 2
2025-07-31T00:01:04Z,93.0,Sense 2
2025-07-31T00:01:06Z,98.0,Sense 2
2025-07-31T00:01:08Z,99.0,Sense 2
2025-07-31T00:01:09Z,96.0,Sense 2
2025-07-31T00:01:11Z,85.0,Sense 2
2025-07-31T00:01:13Z,82.0,Sense 2
2025-07-31T00:01:15Z,81.0,Sense 2
2025-07-31T00:01:17Z,78.0,Sense 2
2025-07-31T00:01:19Z,81.0,Sense 2
2025-07-31T00:01:21Z,80.0,Sense 2
2025-07-31T00:01:23Z,84.0,Sense 2
2025-07-31T00:01:25Z,91.0,Sense 2
2025-07-31T00:01:27Z,84.0,Sense 2
2025-07-31T00:01:29Z,81.0,Sense 2
2025-07-31T00:01:31Z,80.0,Sense 2
2025-07-31T00:01:32Z,81.0,Sense 2
2025-07-31T00:01:34Z,83.0,Sense 2
2025-07-31T00:01:36Z,88.0,Sense 2
2025-07-31T00:01:38Z,89.0,Sense 2
2025-07-31T00:01:40Z,91.0,Sense 2
2025-07-31T00:01:42Z,93.0,Sense 2
2025-07-31T00:01:44Z,87.0,Sense 2
2025-07-31T00:01:46Z,85.0,Sense 2
2025-07-31T00:01:48Z,89.0,Sense 2
2025-07-31T00:01:50Z,87.0,Sense 2
2025-07-31T00:01:52Z,90.0,Sense 2
2025-07-31T00:01:54Z,94.0,Sense 2
2025-07-31T00:01:56Z,92.0,Sense 2
2025-07-31T00:01:57Z,93.0,Sense 2
2025-07-31T00:01:59Z,98.0,Sense 2
2025-07-31T00:02:01Z,91.0,Sense 2
2025-07-31T00:02:04Z,91.0,Sense 2
2025-07-31T00:02:05Z,87.0,Sense 2
2025-07-31T00:02:07Z,82.0,Sense 2
2025-07-31T00:02:09Z,83.0,Sense 2
2025-07-31T00:02:11Z,90.0,Sense 2
2025-07-31T00:02:13Z,88.0,Sense 2
2025-07-31T00:02:15Z,93.0,Sense 2
2025-07-31T00:02:17Z,96.0,Sense 2
2025-07-31T00:02:19Z,85.0,Sense 2
2025-07-31T00:02:20Z,84.0,Sense 2
2025-07-31T00:02:22Z,84.0,Sense 2
2025-07-31T00:02:25Z,84.0,Sense 2
2025-07-31T00:02:26Z,89.0,Sense 2
2025-07-31T00:02:28Z,93.0,Sense 2
2025-07-31T00:02:30Z,89.0,Sense 2
2025-07-31T00:02:32Z,88.0,Sense 2
2025-07-31T00:02:34Z,91.0,Sense 2
2025-07-31T00:02:36Z,89.0,Sense 2
2025-07-31T00:02:39Z,89.0,Sense 2
2025-07-31T00:02:40Z,86.0,Sense 2
2025-07-31T00:02:42Z,86.0,Sense 2
2025-07-31T00:02:44Z,87.0,Sense 2
2025-07-31T00:02:45Z,91.0,Sense 2
2025-07-31T00:02:47Z,89.0,Sense 2
2025-07-31T00:02:50Z,89.0,Sense 2
2025-07-31T00:02:51Z,90.0,Sense 2
2025-07-31T00:02:53Z,88.0,Sense 2
2025-07-31T00:02:55Z,91.0,Sense 2
2025-07-31T00:02:57Z,90.0,Sense 2
2025-07-31T00:02:59Z,91.0,Sense 2
2025-07-31T00:03:02Z,91.0,Sense 2
2025-07-31T00:03:03Z,92.0,Sense 2
2025-07-31T00:03:05Z,91.0,Sense 2
2025-07-31T00:03:07Z,94.0,Sense 2
2025-07-31T00:03:08Z,95.0,Sense 2
2025-07-31T00:03:10Z,97.0,Sense 2
2025-07-31T00:03:12Z,94.0,Sense 2
2025-07-31T00:03:15Z,94.0,Sense 2
2025-07-31T00:03:16Z,93.0,Sense 2
2025-07-31T00:03:18Z,96.0,Sense 2
2025-07-31T00:03:20Z,87.0,Sense 2
2025-07-31T00:03:22Z,85.0,Sense 2
2025-07-31T00:03:24Z,88.0,Sense 2
2025-07-31T00:03:26Z,91.0,Sense 2
2025-07-31T00:03:28Z,92.0,Sense 2
2025-07-31T00:03:30Z,95.0,Sense 2
2025-07-31T00:03:32Z,91.0,Sense 2
2025-07-31T00:03:33Z,94.0,Sense 2
2025-07-31T00:03:35Z,95.0,Sense 2
2025-07-31T00:03:37Z,91.0,Sense 2
2025-07-31T00:03:39Z,88.0,Sense 2
2025-07-31T00:03:41Z,95.0,Sense 2
2025-07-31T00:03:44Z,95.0,Sense 2
2025-07-31T00:03:47Z,97.0,Sense 2
2025-07-31T00:03:49Z,93.0,Sense 2
2025-07-31T00:03:51Z,95.0,Sense 2
2025-07-31T00:03:53Z,98.0,Sense 2
2025-07-31T00:03:55Z,95.0,Sense 2
2025-07-31T00:03:56Z,94.0,Sense 2
2025-07-31T00:03:58Z,99.0,Sense 2
2025-07-31T00:04:00Z,100.0,Sense 2
2025-07-31T00:04:02Z,98.0,Sense 2
2025-07-31T00:04:04Z,95.0,Sense 2
2025-07-31T00:04:06Z,94.0,Sense 2
2025-07-31T00:04:08Z,92.0,Sense 2
2025-07-31T00:04:10Z,95.0,Sense 2
2025-07-31T00:04:12Z,93.0,Sense 2
2025-07-31T00:04:14Z,85.0,Sense 2
2025-07-31T00:04:16Z,93.0,Sense 2
2025-07-31T00:04:18Z,96.0,Sense 2
2025-07-31T00:04:20Z,92.0,Sense 2
2025-07-31T00:04:21Z,95.0,Sense 2
2025-07-31T00:04:23Z,92.0,Sense 2
2025-07-31T00:04:25Z,93.0,Sense 2
2025-07-31T00:04:27Z,94.0,Sense 2
2025-07-31T00:04:30Z,94.0,Sense 2
2025-07-31T00:04:31Z,90.0,Sense 2
2025-07-31T00:04:33Z,96.0,Sense 2
2025-07-31T00:04:35Z,97.0,Sense 2
2025-07-31T00:04:37Z,93.0,Sense 2
2025-07-31T00:04:40Z,93.0,Sense 2
2025-07-31T00:04:41Z,91.0,Sense 2
2025-07-31T00:04:43Z,92.0,Sense 2
2025-07-31T00:04:44Z,95.0,Sense 2
2025-07-31T00:04:46Z,94.0,Sense 2
2025-07-31T00:04:48Z,90.0,Sense 2
2025-07-31T00:04:50Z,96.0,Sense 2
2025-07-31T00:04:52Z,98.0,Sense 2
2025-07-31T00:04:54Z,93.0,Sense 2
2025-07-31T00:04:56Z,90.0,Sense 2
2025-07-31T00:04:58Z,89.0,Sense 2
2025-07-31T00:05:01Z,89.0,Sense 2
2025-07-31T00:05:02Z,93.0,Sense 2
2025-07-31T00:05:04Z,94.0,Sense 2
2025-07-31T00:05:06Z,91.0,Sense 2
2025-07-31T00:05:08Z,96.0,Sense 2
2025-07-31T00:05:09Z,97.0,Sense 2
2025-07-31T00:05:11Z,93.0,Sense 2
2025-07-31T00:05:13Z,91.0,Sense 2
2025-07-31T00:05:15Z,87.0,Sense 2
2025-07-31T00:05:18Z,87.0,Sense 2
2025-07-31T00:05:19Z,88.0,Sense 2
2025-07-31T00:05:21Z,89.0,Sense 2
2025-07-31T00:05:24Z,89.0,Sense 2
2025-07-31T00:05:25Z,97.0,Sense 2
2025-07-31T00:05:28Z,97.0,Sense 2
2025-07-31T00:05:29Z,95.0,Sense 2
2025-07-31T00:05:31Z,97.0,Sense 2
2025-07-31T00:05:32Z,98.0,Sense 2
2025-07-31T00:05:34Z,99.0,Sense 2
2025-07-31T00:05:37Z,99.0,Sense 2
2025-07-31T00:05:38Z,102.0,Sense 2
2025-07-31T00:05:41Z,102.0,Sense 2
2025-07-31T00:05:44Z,102.0,Sense 2
2025-07-31T00:05:47Z,102.0,Sense 2
2025-07-31T00:05:48Z,101.0,Sense 2
2025-07-31T00:05:50Z,97.0,Sense 2
2025-07-31T00:05:52Z,98.0,Sense 2
2025-07-31T00:05:54Z,103.0,Sense 2
2025-07-31T00:05:57Z,101.0,Sense 2
2025-07-31T00:05:59Z,102.0,Sense 2
2025-07-31T00:06:01Z,102.0,Sense 2
2025-07-31T00:06:04Z,102.0,Sense 2
2025-07-31T00:06:05Z,105.0,Sense 2
2025-07-31T00:06:07Z,104.0,Sense 2
2025-07-31T00:06:09Z,103.0,Sense 2
2025-07-31T00:06:11Z,105.0,Sense 2
2025-07-31T00:06:14Z,105.0,Sense 2
2025-07-31T00:06:15Z,102.0,Sense 2
2025-07-31T00:06:18Z,102.0,Sense 2
2025-07-31T00:06:19Z,103.0,Sense 2
2025-07-31T00:06:20Z,104.0,Sense 2
2025-07-31T00:06:22Z,105.0,Sense 2
2025-07-31T00:06:24Z,107.0,Sense 2
2025-07-31T00:06:27Z,107.0,Sense 2
2025-07-31T00:06:28Z,106.0,Sense 2
2025-07-31T00:06:30Z,105.0,Sense 2
2025-07-31T00:06:32Z,102.0,Sense 2
2025-07-31T00:06:34Z,103.0,Sense 2
2025-07-31T00:06:36Z,104.0,Sense 2
2025-07-31T00:06:38Z,101.0,Sense 2
2025-07-31T00:06:40Z,97.0,Sense 2
2025-07-31T00:06:42Z,102.0,Sense 2
2025-07-31T00:06:44Z,105.0,Sense 2
2025-07-31T00:06:45Z,102.0,Sense 2
2025-07-31T00:06:48Z,102.0,Sense 2
2025-07-31T00:06:51Z,102.0,Sense 2
2025-07-31T00:06:53Z,104.0,Sense 2
2025-07-31T00:06:55Z,101.0,Sense 2
2025-07-31T00:06:57Z,98.0,Sense 2
2025-07-31T00:06:59Z,104.0,Sense 2
2025-07-31T00:07:01Z,100.0,Sense 2
2025-07-31T00:07:03Z,98.0,Sense 2
2025-07-31T00:07:06Z,98.0,Sense 2
2025-07-31T00:07:07Z,94.0,Sense 2
2025-07-31T00:07:08Z,98.0,Sense 2
2025-07-31T00:07:10Z,102.0,Sense 2
2025-07-31T00:07:12Z,101.0,Sense 2
2025-07-31T00:07:15Z,101.0,Sense 2
2025-07-31T00:07:16Z,104.0,Sense 2
2025-07-31T00:07:18Z,103.0,Sense 2
2025-07-31T00:07:20Z,104.0,Sense 2
2025-07-31T00:07:22Z,106.0,Sense 2
2025-07-31T00:07:24Z,105.0,Sense 2
2025-07-31T00:07:27Z,105.0,Sense 2
2025-07-31T00:07:28Z,107.0,Sense 2
2025-07-31T00:07:30Z,104.0,Sense 2
2025-07-31T00:07:32Z,105.0,Sense 2
2025-07-31T00:07:33Z,107.0,Sense 2
2025-07-31T00:07:35Z,109.0,Sense 2
2025-07-31T00:07:37Z,105.0,Sense 2
2025-07-31T00:07:39Z,107.0,Sense 2
2025-07-31T00:07:41Z,104.0,Sense 2
2025-07-31T00:07:44Z,104.0,Sense 2
2025-07-31T00:07:45Z,107.0,Sense 2
2025-07-31T00:07:47Z,105.0,Sense 2
2025-07-31T00:07:49Z,97.0,Sense 2
2025-07-31T00:07:51Z,100.0,Sense 2
2025-07-31T00:07:53Z,104.0,Sense 2
2025-07-31T00:07:55Z,107.0,Sense 2
2025-07-31T00:07:56Z,109.0,Sense 2
2025-07-31T00:07:58Z,107.0,Sense 2
2025-07-31T00:08:00Z,101.0,Sense 2
2025-07-31T00:08:02Z,104.0,Sense 2
2025-07-31T00:08:04Z,105.0,Sense 2
2025-07-31T00:08:06Z,100.0,Sense 2
2025-07-31T00:08:08Z,102.0,Sense 2
2025-07-31T00:08:10Z,103.0,Sense 2
2025-07-31T00:08:12Z,102.0,Sense 2
2025-07-31T00:08:14Z,105.0,Sense 2
2025-07-31T00:08:16Z,105.0,Sense 2
2025-07-31T00:08:19Z,105.0,Sense 2
2025-07-31T00:08:22Z,105.0,Sense 2
2025-07-31T00:08:23Z,103.0,Sense 2
2025-07-31T00:08:25Z,104.0,Sense 2
2025-07-31T00:08:28Z,104.0,Sense 2
2025-07-31T00:08:29Z,106.0,Sense 2
2025-07-31T00:08:32Z,106.0,Sense 2
2025-07-31T00:08:33Z,105.0,Sense 2
2025-07-31T00:08:35Z,107.0,Sense 2
2025-07-31T00:08:37Z,108.0,Sense 2
2025-07-31T00:08:39Z,106.0,Sense 2
2025-07-31T00:08:41Z,106.0,Sense 2
2025-07-31T00:08:43Z,107.0,Sense 2
2025-07-31T00:08:44Z,108.0,Sense 2
2025-07-31T00:08:47Z,108.0,Sense 2
2025-07-31T00:08:48Z,109.0,Sense 2
2025-07-31T00:08:50Z,107.0,Sense 2
2025-07-31T00:08:53Z,107.0,Sense 2
2025-07-31T00:08:54Z,108.0,Sense 2
2025-07-31T00:08:56Z,107.0,Sense 2
2025-07-31T00:08:59Z,107.0,Sense 2
2025-07-31T00:09:02Z,106.0,Sense 2
2025-07-31T00:09:05Z,106.0,Sense 2
2025-07-31T00:09:06Z,107.0,Sense 2
2025-07-31T00:09:08Z,103.0,Sense 2
2025-07-31T00:09:09Z,104.0,Sense 2
2025-07-31T00:09:11Z,106.0,Sense 2
2025-07-31T00:09:13Z,103.0,Sense 2
2025-07-31T00:09:15Z,99.0,Sense 2
2025-07-31T00:09:17Z,104.0,Sense 2
2025-07-31T00:09:19Z,105.0,Sense 2
2025-07-31T00:09:22Z,105.0,Sense 2
2025-07-31T00:09:25Z,103.0,Sense 2
2025-07-31T00:09:27Z,106.0,Sense 2
2025-07-31T00:09:29Z,107.0,Sense 2
2025-07-31T00:09:31Z,106.0,Sense 2
2025-07-31T00:09:32Z,104.0,Sense 2
2025-07-31T00:09:34Z,106.0,Sense 2
2025-07-31T00:09:36Z,109.0,Sense 2
2025-07-31T00:09:38Z,110.0,Sense 2
2025-07-31T00:09:40Z,109.0,Sense 2
2025-07-31T00:09:42Z,108.0,Sense 2
2025-07-31T00:09:44Z,109.0,Sense 2
2025-07-31T00:09:46Z,108.0,Sense 2
2025-07-31T00:09:48Z,109.0,Sense 2
2025-07-31T00:09:50Z,107.0,Sense 2
2025-07-31T00:09:52Z,110.0,Sense 2
2025-07-31T00:09:54Z,109.0,Sense 2
2025-07-31T00:09:57Z,110.0,Sense 2
2025-07-31T00:09:59Z,108.0,Sense 2
2025-07-31T00:10:01Z,106.0,Sense 2
2025-07-31T00:10:03Z,109.0,Sense 2
2025-07-31T00:10:05Z,108.0,Sense 2
2025-07-31T00:10:07Z,109.0,Sense 2
2025-07-31T00:10:09Z,107.0,Sense 2
2025-07-31T00:10:12Z,107.0,Sense 2
2025-07-31T00:10:13Z,109.0,Sense 2
2025-07-31T00:10:15Z,110.0,Sense 2
2025-07-31T00:10:17Z,106.0,Sense 2
2025-07-31T00:10:19Z,104.0,Sense 2
2025-07-31T00:10:20Z,107.0,Sense 2
2025-07-31T00:10:22Z,106.0,Sense 2
2025-07-31T00:10:24Z,104.0,Sense 2
2025-07-31T00:10:26Z,105.0,Sense 2
2025-07-31T00:10:28Z,107.0,Sense 2
2025-07-31T00:10:30Z,109.0,Sense 2
2025-07-31T00:10:32Z,110.0,Sense 2
2025-07-31T00:10:34Z,109.0,Sense 2
2025-07-31T00:10:36Z,106.0,Sense 2
2025-07-31T00:10:38Z,108.0,Sense 2
2025-07-31T00:10:40Z,107.0,Sense 2
2025-07-31T00:10:42Z,102.0,Sense 2
2025-07-31T00:10:44Z,107.0,Sense 2
2025-07-31T00:10:45Z,108.0,Sense 2
2025-07-31T00:10:47Z,107.0,Sense 2
2025-07-31T00:10:49Z,109.0,Sense 2
2025-07-31T00:10:51Z,107.0,Sense 2
2025-07-31T00:10:53Z,104.0,Sense 2
2025-07-31T00:10:55Z,104.0,Sense 2
2025-07-31T00:10:57Z,100.0,Sense 2
2025-07-31T00:10:59Z,99.0,Sense 2
2025-07-31T00:11:01Z,102.0,Sense 2
2025-07-31T00:11:03Z,103.0,Sense 2
2025-07-31T00:11:05Z,107.0,Sense 2
2025-07-31T00:11:08Z,105.0,Sense 2
2025-07-31T00:11:10Z,109.0,Sense 2
2025-07-31T00:11:12Z,110.0,Sense 2
2025-07-31T00:11:14Z,108.0,Sense 2
2025-07-31T00:11:16Z,106.0,Sense 2
2025-07-31T00:11:18Z,105.0,Sense 2
2025-07-31T00:11:20Z,102.0,Sense 2
2025-07-31T00:11:22Z,106.0,Sense 2
2025-07-31T00:11:24Z,109.0,Sense 2
2025-07-31T00:11:26Z,107.0,Sense 2
2025-07-31T00:11:29Z,107.0,Sense 2
2025-07-31T00:11:30Z,106.0,Sense 2
2025-07-31T00:11:32Z,103.0,Sense 2
2025-07-31T00:11:33Z,100.0,Sense 2
2025-07-31T00:11:35Z,102.0,Sense 2
2025-07-31T00:11:37Z,104.0,Sense 2
2025-07-31T00:11:39Z,102.0,Sense 2
2025-07-31T00:11:41Z,106.0,Sense 2
2025-07-31T00:11:43Z,102.0,Sense 2
2025-07-31T00:11:45Z,101.0,Sense 2
2025-07-31T00:11:47Z,104.0,Sense 2
2025-07-31T00:11:49Z,94.0,Sense 2
2025-07-31T00:11:51Z,93.0,Sense 2
2025-07-31T00:11:53Z,97.0,Sense 2
2025-07-31T00:11:55Z,102.0,Sense 2
2025-07-31T00:11:56Z,106.0,Sense 2
2025-07-31T00:11:58Z,104.0,Sense 2
2025-07-31T00:12:00Z,102.0,Sense 2
2025-07-31T00:12:02Z,106.0,Sense 2
2025-07-31T00:12:04Z,104.0,Sense 2
2025-07-31T00:12:06Z,100.0,Sense 2
2025-07-31T00:12:08Z,101.0,Sense 2
2025-07-31T00:12:10Z,103.0,Sense 2
2025-07-31T00:12:12Z,104.0,Sense 2
2025-07-31T00:12:14Z,109.0,Sense 2
2025-07-31T00:12:16Z,108.0,Sense 2
2025-07-31T00:12:18Z,106.0,Sense 2
2025-07-31T00:12:20Z,108.0,Sense 2
2025-07-31T00:12:21Z,110.0,Sense 2
2025-07-31T00:12:23Z,107.0,Sense 2
2025-07-31T00:12:25Z,108.0,Sense 2
2025-07-31T00:12:27Z,110.0,Sense 2
2025-07-31T00:12:30Z,110.0,Sense 2
2025-07-31T00:12:31Z,109.0,Sense 2
2025-07-31T00:12:33Z,110.0,Sense 2
2025-07-31T00:12:35Z,109.0,Sense 2
2025-07-31T00:12:37Z,107.0,Sense 2
2025-07-31T00:12:40Z,107.0,Sense 2
2025-07-31T00:12:41Z,106.0,Sense 2
2025-07-31T00:12:43Z,107.0,Sense 2
2025-07-31T00:12:44Z,108.0,Sense 2
2025-07-31T00:12:47Z,108.0,Sense 2
2025-07-31T00:12:50Z,108.0,Sense 2
2025-07-31T00:12:53Z,108.0,Sense 2
2025-07-31T00:12:56Z,109.0,Sense 2
2025-07-31T00:12:58Z,108.0,Sense 2
2025-07-31T00:13:01Z,108.0,Sense 2
2025-07-31T00:13:02Z,109.0,Sense 2
2025-07-31T00:13:04Z,108.0,Sense 2
2025-07-31T00:13:06Z,110.0,Sense 2
2025-07-31T00:13:09Z,110.0,Sense 2
2025-07-31T00:13:11Z,109.0,Sense 2
2025-07-31T00:13:13Z,110.0,Sense 2
2025-07-31T00:13:15Z,109.0,Sense 2
2025-07-31T00:13:17Z,108.0,Sense 2
2025-07-31T00:13:19Z,110.0,Sense 2
2025-07-31T00:13:21Z,109.0,Sense 2
2025-07-31T00:13:23Z,106.0,Sense 2
2025-07-31T00:13:25Z,107.0,Sense 2
2025-07-31T00:13:28Z,107.0,Sense 2
2025-07-31T00:13:29Z,104.0,Sense 2
2025-07-31T00:13:31Z,107.0,Sense 2
2025-07-31T00:13:32Z,105.0,Sense 2
2025-07-31T00:13:34Z,101.0,Sense 2
2025-07-31T00:13:36Z,102.0,Sense 2
2025-07-31T00:13:38Z,101.0,Sense 2
2025-07-31T00:13:40Z,101.0,Sense 2
2025-07-31T00:13:42Z,106.0,Sense 2
2025-07-31T00:13:44Z,102.0,Sense 2
2025-07-31T00:13:46Z,104.0,Sense 2
2025-07-31T00:13:48Z,102.0,Sense 2
2025-07-31T00:13:50Z,97.0,Sense 2
2025-07-31T00:13:52Z,98.0,Sense 2
2025-07-31T00:13:54Z,96.0,Sense 2
2025-07-31T00:13:56Z,94.0,Sense 2
2025-07-31T00:13:57Z,97.0,Sense 2
2025-07-31T00:13:59Z,96.0,Sense 2
2025-07-31T00:14:01Z,97.0,Sense 2
2025-07-31T00:14:03Z,98.0,Sense 2
2025-07-31T00:14:05Z,97.0,Sense 2
2025-07-31T00:14:07Z,93.0,Sense 2
2025-07-31T00:14:09Z,98.0,Sense 2
2025-07-31T00:14:12Z,98.0,Sense 2
2025-07-31T00:14:13Z,97.0,Sense 2
2025-07-31T00:14:15Z,96.0,Sense 2
2025-07-31T00:14:17Z,94.0,Sense 2
2025-07-31T00:14:19Z,95.0,Sense 2
2025-07-31T00:14:20Z,90.0,Sense 2
2025-07-31T00:14:22Z,91.0,Sense 2
2025-07-31T00:14:25Z,91.0,Sense 2
2025-07-31T00:14:28Z,83.0,Sense 2
2025-07-31T00:14:30Z,86.0,Sense 2
2025-07-31T00:14:33Z,86.0,Sense 2
2025-07-31T00:14:34Z,90.0,Sense 2
2025-07-31T00:14:36Z,91.0,Sense 2
2025-07-31T00:14:38Z,90.0,Sense 2
2025-07-31T00:14:40Z,94.0,Sense 2
2025-07-31T00:14:42Z,83.0,Sense 2
2025-07-31T00:14:44Z,90.0,Sense 2
2025-07-31T00:14:45Z,87.0,Sense 2
2025-07-31T00:14:47Z,83.0,Sense 2
2025-07-31T00:14:50Z,83.0,Sense 2
2025-07-31T00:14:51Z,89.0,Sense 2
2025-07-31T00:14:53Z,84.0,Sense 2
2025-07-31T00:14:55Z,86.0,Sense 2
2025-07-31T00:14:57Z,85.0,Sense 2
2025-07-31T00:14:59Z,78.0,Sense 2
2025-07-31T00:15:01Z,91.0,Sense 2
2025-07-31T00:15:03Z,95.0,Sense 2
2025-07-31T00:15:05Z,88.0,Sense 2
2025-07-31T00:15:07Z,87.0,Sense 2
2025-07-31T00:15:08Z,90.0,Sense 2
2025-07-31T00:15:10Z,87.0,Sense 2
2025-07-31T00:15:12Z,83.0,Sense 2
2025-07-31T00:15:15Z,83.0,Sense 2
2025-07-31T00:15:16Z,80.0,Sense 2
2025-07-31T00:15:18Z,85.0,Sense 2
2025-07-31T00:15:20Z,82.0,Sense 2
2025-07-31T00:15:22Z,80.0,Sense 2
2025-07-31T00:15:24Z,79.0,Sense 2
2025-07-31T00:15:27Z,79.0,Sense 2
2025-07-31T00:15:28Z,74.0,Sense 2
2025-07-31T00:15:30Z,77.0,Sense 2
2025-07-31T00:15:32Z,80.0,Sense 2
2025-07-31T00:15:33Z,71.0,Sense 2
2025-07-31T00:15:35Z,82.0,Sense 2
2025-07-31T00:15:38Z,82.0,Sense 2
2025-07-31T00:15:39Z,75.0,Sense 2
2025-07-31T00:15:41Z,70.0,Sense 2
2025-07-31T00:15:43Z,81.0,Sense 2
2025-07-31T00:15:45Z,76.0,Sense 2
2025-07-31T00:15:47Z,74.0,Sense 2
2025-07-31T00:15:49Z,78.0,Sense 2
2025-07-31T00:15:51Z,75.0,Sense 2
2025-07-31T00:15:53Z,78.0,Sense 2
2025-07-31T00:15:55Z,83.0,Sense 2
2025-07-31T00:15:58Z,78.0,Sense 2
2025-07-31T00:16:00Z,77.0,Sense 2
2025-07-31T00:16:03Z,77.0,Sense 2
2025-07-31T00:16:04Z,70.0,Sense 2
2025-07-31T00:16:06Z,81.0,Sense 2
2025-07-31T00:16:08Z,78.0,Sense 2
2025-07-31T00:16:10Z,79.0,Sense 2
2025-07-31T00:16:12Z,80.0,Sense 2
2025-07-31T00:16:14Z,83.0,Sense 2
2025-07-31T00:16:16Z,82.0,Sense 2
2025-07-31T00:16:18Z,88.0,Sense 2
2025-07-31T00:16:20Z,82.0,Sense 2
2025-07-31T00:16:23Z,84.0,Sense 2
2025-07-31T00:16:25Z,77.0,Sense 2
2025-07-31T00:16:27Z,82.0,Sense 2
2025-07-31T00:16:29Z,80.0,Sense 2
2025-07-31T00:16:31Z,77.0,Sense 2
2025-07-31T00:16:33Z,78.0,Sense 2
2025-07-31T00:16:35Z,85.0,Sense 2
2025-07-31T00:16:37Z,80.0,Sense 2
2025-07-31T00:16:40Z,80.0,Sense 2
2025-07-31T00:16:41Z,82.0,Sense 2
2025-07-31T00:16:43Z,86.0,Sense 2
2025-07-31T00:16:46Z,88.0,Sense 2
2025-07-31T00:16:48Z,85.0,Sense 2
2025-07-31T00:16:50Z,86.0,Sense 2
2025-07-31T00:16:52Z,83.0,Sense 2
2025-07-31T00:16:54Z,85.0,Sense 2
2025-07-31T00:16:56Z,76.0,Sense 2
2025-07-31T00:16:58Z,84.0,Sense 2
2025-07-31T00:17:00Z,81.0,Sense 2
2025-07-31T00:17:02Z,84.0,Sense 2
2025-07-31T00:17:04Z,85.0,Sense 2
2025-07-31T00:17:06Z,89.0,Sense 2
2025-07-31T00:17:08Z,91.0,Sense 2
2025-07-31T00:17:09Z,92.0,Sense 2
2025-07-31T00:17:11Z,91.0,Sense 2
2025-07-31T00:17:13Z,96.0,Sense 2
2025-07-31T00:17:15Z,99.0,Sense 2
2025-07-31T00:17:17Z,91.0,Sense 2
2025-07-31T00:17:19Z,96.0,Sense 2
2025-07-31T00:17:21Z,91.0,Sense 2
2025-07-31T00:17:23Z,88.0,Sense 2
2025-07-31T00:17:25Z,93.0,Sense 2
2025-07-31T00:17:27Z,98.0,Sense 2
2025-07-31T00:17:30Z,98.0,Sense 2
2025-07-31T00:17:31Z,96.0,Sense 2
2025-07-31T00:17:32Z,101.0,Sense 2
2025-07-31T00:17:34Z,98.0,Sense 2
2025-07-31T00:17:36Z,101.0,Sense 2
2025-07-31T00:17:38Z,108.0,Sense 2
2025-07-31T00:17:40Z,101.0,Sense 2
2025-07-31T00:17:42Z,98.0,Sense 2
2025-07-31T00:17:44Z,100.0,Sense 2
2025-07-31T00:17:46Z,99.0,Sense 2
2025-07-31T00:17:48Z,95.0,Sense 2
2025-07-31T00:17:50Z,97.0,Sense 2
2025-07-31T00:17:52Z,91.0,Sense 2
2025-07-31T00:17:54Z,88.0,Sense 2
2025-07-31T00:17:56Z,97.0,Sense 2
2025-07-31T00:17:57Z,89.0,Sense 2
2025-07-31T00:18:00Z,89.0,Sense 2
2025-07-31T00:18:01Z,93.0,Sense 2
2025-07-31T00:18:03Z,92.0,Sense 2
2025-07-31T00:18:05Z,97.0,Sense 2
2025-07-31T00:18:07Z,100.0,Sense 2
2025-07-31T00:18:09Z,87.0,Sense 2
2025-07-31T00:18:11Z,93.0,Sense 2
2025-07-31T00:18:13Z,100.0,Sense 2
2025-07-31T00:18:15Z,90.0,Sense 2
2025-07-31T00:18:17Z,87.0,Sense 2
2025-07-31T00:18:19Z,94.0,Sense 2
2025-07-31T00:18:20Z,90.0,Sense 2
2025-07-31T00:18:23Z,90.0,Sense 2
2025-07-31T00:18:24Z,91.0,Sense 2
2025-07-31T00:18:26Z,85.0,Sense 2
2025-07-31T00:18:28Z,88.0,Sense 2
2025-07-31T00:18:30Z,96.0,Sense 2
2025-07-31T00:18:32Z,93.0,Sense 2
2025-07-31T00:18:35Z,93.0,Sense 2
2025-07-31T00:18:36Z,97.0,Sense 2
2025-07-31T00:18:38Z,95.0,Sense 2
2025-07-31T00:18:40Z,93.0,Sense 2
2025-07-31T00:18:42Z,100.0,Sense 2
2025-07-31T00:18:44Z,96.0,Sense 2
2025-07-31T00:18:45Z,93.0,Sense 2
2025-07-31T00:18:47Z,95.0,Sense 2
2025-07-31T00:18:49Z,93.0,Sense 2
2025-07-31T00:18:51Z,90.0,Sense 2
2025-07-31T00:18:53Z,96.0,Sense 2
2025-07-31T00:18:56Z,96.0,Sense 2
2025-07-31T00:18:57Z,94.0,Sense 2
2025-07-31T00:18:59Z,96.0,Sense 2
2025-07-31T00:19:01Z,86.0,Sense 2
2025-07-31T00:19:04Z,86.0,Sense 2
2025-07-31T00:19:05Z,95.0,Sense 2
2025-07-31T00:19:07Z,92.0,Sense 2
2025-07-31T00:19:08Z,91.0,Sense 2
2025-07-31T00:19:10Z,92.0,Sense 2
2025-07-31T00:19:12Z,87.0,Sense 2
2025-07-31T00:19:14Z,89.0,Sense 2
2025-07-31T00:19:16Z,93.0,Sense 2
2025-07-31T00:19:18Z,87.0,Sense 2
2025-07-31T00:19:20Z,91.0,Sense 2
2025-07-31T00:19:22Z,96.0,Sense 2
2025-07-31T00:19:25Z,96.0,Sense 2
2025-07-31T00:19:26Z,96.0,Sense 2
2025-07-31T00:19:28Z,96.0,Sense 2
2025-07-31T00:19:30Z,91.0,Sense 2
2025-07-31T00:19:32Z,88.0,Sense 2
2025-07-31T00:19:33Z,95.0,Sense 2
2025-07-31T00:19:35Z,93.0,Sense 2
2025-07-31T00:19:37Z,96.0,Sense 2
2025-07-31T00:19:39Z,101.0,Sense 2
2025-07-31T00:19:41Z,94.0,Sense 2
2025-07-31T00:19:43Z,91.0,Sense 2
2025-07-31T00:19:46Z,91.0,Sense 2
2025-07-31T00:19:47Z,92.0,Sense 2
2025-07-31T00:19:49Z,89.0,Sense 2
2025-07-31T00:19:51Z,93.0,Sense 2
2025-07-31T00:19:53Z,86.0,Sense 2
2025-07-31T00:19:55Z,83.0,Sense 2
2025-07-31T00:19:56Z,87.0,Sense 2
2025-07-31T00:19:58Z,86.0,Sense 2
2025-07-31T00:20:00Z,87.0,Sense 2
2025-07-31T00:20:02Z,86.0,Sense 2
2025-07-31T00:20:04Z,91.0,Sense 2
2025-07-31T00:20:06Z,86.0,Sense 2
2025-07-31T00:20:09Z,86.0,Sense 2
2025-07-31T00:20:10Z,79.0,Sense 2
2025-07-31T00:20:12Z,83.0,Sense 2
2025-07-31T00:20:14Z,90.0,Sense 2
2025-07-31T00:20:16Z,91.0,Sense 2
2025-07-31T00:20:18Z,86.0,Sense 2
2025-07-31T00:20:20Z,81.0,Sense 2
2025-07-31T00:20:21Z,83.0,Sense 2
2025-07-31T00:20:23Z,76.0,Sense 2
2025-07-31T00:20:25Z,85.0,Sense 2
2025-07-31T00:20:27Z,94.0,Sense 2
2025-07-31T00:20:29Z,92.0,Sense 2
2025-07-31T00:20:31Z,89.0,Sense 2
2025-07-31T00:20:33Z,91.0,Sense 2
2025-07-31T00:20:35Z,94.0,Sense 2
2025-07-31T00:20:37Z,93.0,Sense 2
2025-07-31T00:20:39Z,96.0,Sense 2
2025-07-31T00:20:41Z,92.0,Sense 2
2025-07-31T00:20:43Z,93.0,Sense 2
2025-07-31T00:20:44Z,92.0,Sense 2
2025-07-31T00:20:46Z,95.0,Sense 2
2025-07-31T00:20:48Z,100.0,Sense 2
2025-07-31T00:20:51Z,100.0,Sense 2
2025-07-31T00:20:52Z,96.0,Sense 2
2025-07-31T00:20:54Z,95.0,Sense 2
2025-07-31T00:20:56Z,94.0,Sense 2
2025-07-31T00:20:58Z,90.0,Sense 2
2025-07-31T00:21:00Z,91.0,Sense 2
2025-07-31T00:21:02Z,94.0,Sense 2
2025-07-31T00:21:04Z,96.0,Sense 2
2025-07-31T00:21:06Z,97.0,Sense 2
2025-07-31T00:21:08Z,96.0,Sense 2
2025-07-31T00:21:09Z,92.0,Sense 2
2025-07-31T00:21:11Z,91.0,Sense 2
2025-07-31T00:21:13Z,95.0,Sense 2
2025-07-31T00:21:16Z,95.0,Sense 2
2025-07-31T00:21:17Z,96.0,Sense 2
2025-07-31T00:21:20Z,96.0,Sense 2
2025-07-31T00:21:23Z,95.0,Sense 2
2025-07-31T00:21:25Z,96.0,Sense 2
2025-07-31T00:21:27Z,98.0,Sense 2
2025-07-31T00:21:29Z,100.0,Sense 2
2025-07-31T00:21:31Z,98.0,Sense 2
2025-07-31T00:21:34Z,97.0,Sense 2
2025-07-31T00:21:36Z,96.0,Sense 2
2025-07-31T00:21:38Z,97.0,Sense 2
2025-07-31T00:21:41Z,97.0,Sense 2
2025-07-31T00:21:42Z,96.0,Sense 2
2025-07-31T00:21:44Z,97.0,Sense 2
2025-07-31T00:21:47Z,97.0,Sense 2
2025-07-31T00:21:50Z,95.0,Sense 2
2025-07-31T00:21:52Z,96.0,Sense 2
2025-07-31T00:21:55Z,96.0,Sense 2
2025-07-31T00:21:56Z,97.0,Sense 2
2025-07-31T00:21:57Z,99.0,Sense 2
2025-07-31T00:21:59Z,101.0,Sense 2
2025-07-31T00:22:01Z,102.0,Sense 2
2025-07-31T00:22:03Z,101.0,Sense 2
2025-07-31T00:22:05Z,100.0,Sense 2
2025-07-31T00:22:07Z,99.0,Sense 2
2025-07-31T00:22:09Z,97.0,Sense 2
2025-07-31T00:22:11Z,99.0,Sense 2
2025-07-31T00:22:14Z,99.0,Sense 2
2025-07-31T00:22:17Z,99.0,Sense 2
2025-07-31T00:22:19Z,102.0,Sense 2
2025-07-31T00:22:20Z,103.0,Sense 2
2025-07-31T00:22:23Z,103.0,Sense 2
2025-07-31T00:22:24Z,104.0,Sense 2
2025-07-31T00:22:26Z,103.0,Sense 2
2025-07-31T00:22:29Z,103.0,Sense 2
2025-07-31T00:22:32Z,102.0,Sense 2
2025-07-31T00:22:34Z,103.0,Sense 2
2025-07-31T00:22:37Z,103.0,Sense 2
2025-07-31T00:22:40Z,103.0,Sense 2
2025-07-31T00:22:42Z,101.0,Sense 2
2025-07-31T00:22:44Z,100.0,Sense 2
2025-07-31T00:22:47Z,100.0,Sense 2
2025-07-31T00:22:50Z,100.0,Sense 2
2025-07-31T00:22:51Z,99.0,Sense 2
2025-07-31T00:22:53Z,100.0,Sense 2
2025-07-31T00:22:56Z,100.0,Sense 2
2025-07-31T00:22:57Z,99.0,Sense 2
2025-07-31T00:22:59Z,100.0,Sense 2
2025-07-31T00:23:01Z,98.0,Sense 2
2025-07-31T00:23:03Z,96.0,Sense 2
2025-07-31T00:23:05Z,97.0,Sense 2
2025-07-31T00:23:07Z,95.0,Sense 2
2025-07-31T00:23:10Z,98.0,Sense 2
2025-07-31T00:23:13Z,98.0,Sense 2
2025-07-31T00:23:16Z,102.0,Sense 2
2025-07-31T00:23:18Z,101.0,Sense 2
2025-07-31T00:23:20Z,99.0,Sense 2
2025-07-31T00:23:22Z,103.0,Sense 2
2025-07-31T00:23:24Z,102.0,Sense 2
2025-07-31T00:23:26Z,98.0,Sense 2
2025-07-31T00:23:28Z,99.0,Sense 2
2025-07-31T00:23:30Z,100.0,Sense 2
2025-07-31T00:23:33Z,101.0,Sense 2
2025-07-31T00:23:36Z,101.0,Sense 2
2025-07-31T00:23:37Z,100.0,Sense 2
2025-07-31T00:23:39Z,103.0,Sense 2
2025-07-31T00:23:41Z,99.0,Sense 2
2025-07-31T00:23:44Z,99.0,Sense 2
2025-07-31T00:23:47Z,101.0,Sense 2
2025-07-31T00:23:50Z,101.0,Sense 2
2025-07-31T00:23:53Z,102.0,Sense 2
2025-07-31T00:23:55Z,100.0,Sense 2
2025-07-31T00:23:56Z,101.0,Sense 2
2025-07-31T00:23:59Z,101.0,Sense 2
2025-07-31T00:24:00Z,100.0,Sense 2
2025-07-31T00:24:02Z,102.0,Sense 2
2025-07-31T00:24:04Z,101.0,Sense 2
2025-07-31T00:24:07Z,101.0,Sense 2
2025-07-31T00:24:08Z,102.0,Sense 2
2025-07-31T00:24:11Z,102.0,Sense 2
2025-07-31T00:24:12Z,103.0,Sense 2
2025-07-31T00:24:14Z,105.0,Sense 2
2025-07-31T00:24:16Z,104.0,Sense 2
2025-07-31T00:24:18Z,98.0,Sense 2
2025-07-31T00:24:20Z,98.0,Sense 2
2025-07-31T00:24:21Z,97.0,Sense 2
2025-07-31T00:24:23Z,96.0,Sense 2
2025-07-31T00:24:25Z,102.0,Sense 2
2025-07-31T00:24:27Z,102.0,Sense 2
2025-07-31T00:24:29Z,101.0,Sense 2
2025-07-31T00:24:31Z,101.0,Sense 2
2025-07-31T00:24:33Z,101.0,Sense 2
2025-07-31T00:24:35Z,97.0,Sense 2
2025-07-31T00:24:37Z,100.0,Sense 2
2025-07-31T00:24:39Z,98.0,Sense 2
2025-07-31T00:24:41Z,95.0,Sense 2
2025-07-31T00:24:43Z,97.0,Sense 2
2025-07-31T00:24:44Z,93.0,Sense 2
2025-07-31T00:24:46Z,94.0,Sense 2
2025-07-31T00:24:48Z,98.0,Sense 2
2025-07-31T00:24:50Z,96.0,Sense 2
2025-07-31T00:24:52Z,95.0,Sense 2
2025-07-31T00:24:54Z,98.0,Sense 2
2025-07-31T00:24:56Z,96.0,Sense 2
2025-07-31T00:24:59Z,96.0,Sense 2
2025-07-31T00:25:00Z,99.0,Sense 2
2025-07-31T00:25:02Z,98.0,Sense 2
2025-07-31T00:25:04Z,95.0,Sense 2
2025-07-31T00:25:06Z,103.0,Sense 2
2025-07-31T00:25:09Z,102.0,Sense 2
2025-07-31T00:25:11Z,107.0,Sense 2
2025-07-31T00:25:13Z,108.0,Sense 2
2025-07-31T00:25:16Z,108.0,Sense 2
2025-07-31T00:25:17Z,110.0,Sense 2
2025-07-31T00:25:19Z,104.0,Sense 2
2025-07-31T00:25:21Z,103.0,Sense 2
2025-07-31T00:25:23Z,103.0,Sense 2
2025-07-31T00:25:25Z,102.0,Sense 2
2025-07-31T00:25:27Z,96.0,Sense 2
2025-07-31T00:25:29Z,97.0,Sense 2
2025-07-31T00:25:31Z,95.0,Sense 2
2025-07-31T00:25:32Z,90.0,Sense 2
2025-07-31T00:25:34Z,92.0,Sense 2
2025-07-31T00:25:36Z,85.0,Sense 2
2025-07-31T00:25:38Z,84.0,Sense 2
2025-07-31T00:25:40Z,88.0,Sense 2
2025-07-31T00:25:42Z,83.0,Sense 2
2025-07-31T00:25:44Z,85.0,Sense 2
2025-07-31T00:25:46Z,92.0,Sense 2
2025-07-31T00:25:48Z,91.0,Sense 2
2025-07-31T00:25:50Z,89.0,Sense 2
2025-07-31T00:25:52Z,101.0,Sense 2
2025-07-31T00:25:54Z,97.0,Sense 2
2025-07-31T00:25:56Z,95.0,Sense 2
2025-07-31T00:25:57Z,97.0,Sense 2
2025-07-31T00:25:59Z,95.0,Sense 2
2025-07-31T00:26:01Z,96.0,Sense 2
2025-07-31T00:26:03Z,98.0,Sense 2
2025-07-31T00:26:05Z,97.0,Sense 2
2025-07-31T00:26:07Z,94.0,Sense 2
2025-07-31T00:26:09Z,98.0,Sense 2
2025-07-31T00:26:11Z,95.0,Sense 2
2025-07-31T00:26:13Z,87.0,Sense 2
2025-07-31T00:26:15Z,92.0,Sense 2
2025-07-31T00:26:17Z,89.0,Sense 2
2025-07-31T00:26:19Z,85.0,Sense 2
2025-07-31T00:26:20Z,90.0,Sense 2
2025-07-31T00:26:22Z,89.0,Sense 2
2025-07-31T00:26:24Z,86.0,Sense 2
2025-07-31T00:26:26Z,89.0,Sense 2
2025-07-31T00:26:28Z,88.0,Sense 2
2025-07-31T00:26:30Z,86.0,Sense 2
2025-07-31T00:26:32Z,87.0,Sense 2
2025-07-31T00:26:34Z,88.0,Sense 2
2025-07-31T00:26:36Z,88.0,Sense 2
2025-07-31T00:26:38Z,93.0,Sense 2
2025-07-31T00:26:40Z,89.0,Sense 2
2025-07-31T00:26:42Z,86.0,Sense 2
2025-07-31T00:26:44Z,89.0,Sense 2
2025-07-31T00:26:45Z,86.0,Sense 2
2025-07-31T00:26:47Z,87.0,Sense 2
2025-07-31T00:26:49Z,92.0,Sense 2
2025-07-31T00:26:51Z,87.0,Sense 2
2025-07-31T00:26:53Z,83.0,Sense 2
2025-07-31T00:26:55Z,85.0,Sense 2
2025-07-31T00:26:58Z,85.0,Sense 2
2025-07-31T00:26:59Z,80.0,Sense 2
2025-07-31T00:27:01Z,86.0,Sense 2
2025-07-31T00:27:03Z,84.0,Sense 2
2025-07-31T00:27:05Z,82.0,Sense 2
2025-07-31T00:27:07Z,92.0,Sense 2
2025-07-31T00:27:08Z,90.0,Sense 2
2025-07-31T00:27:10Z,87.0,Sense 2
2025-07-31T00:27:12Z,91.0,Sense 2
2025-07-31T00:27:14Z,92.0,Sense 2
2025-07-31T00:27:16Z,87.0,Sense 2
2025-07-31T00:27:18Z,93.0,Sense 2
2025-07-31T00:27:20Z,92.0,Sense 2
2025-07-31T00:27:22Z,89.0,Sense 2
2025-07-31T00:27:24Z,94.0,Sense 2
2025-07-31T00:27:26Z,89.0,Sense 2
2025-07-31T00:27:29Z,89.0,Sense 2
2025-07-31T00:27:32Z,86.0,Sense 2
2025-07-31T00:27:33Z,81.0,Sense 2
2025-07-31T00:27:35Z,86.0,Sense 2
2025-07-31T00:27:37Z,82.0,Sense 2
2025-07-31T00:27:39Z,80.0,Sense 2
2025-07-31T00:27:41Z,90.0,Sense 2
2025-07-31T00:27:43Z,92.0,Sense 2
2025-07-31T00:27:45Z,90.0,Sense 2
2025-07-31T00:27:47Z,93.0,Sense 2
2025-07-31T00:27:49Z,89.0,Sense 2
2025-07-31T00:27:51Z,83.0,Sense 2
2025-07-31T00:27:53Z,88.0,Sense 2
2025-07-31T00:27:55Z,89.0,Sense 2
2025-07-31T00:27:56Z,85.0,Sense 2
2025-07-31T00:27:58Z,96.0,Sense 2
2025-07-31T00:28:00Z,93.0,Sense 2
2025-07-31T00:28:02Z,86.0,Sense 2
2025-07-31T00:28:04Z,90.0,Sense 2
2025-07-31T00:28:06Z,89.0,Sense 2
2025-07-31T00:28:08Z,82.0,Sense 2
2025-07-31T00:28:10Z,85.0,Sense 2
2025-07-31T00:28:12Z,86.0,Sense 2
2025-07-31T00:28:14Z,83.0,Sense 2
2025-07-31T00:28:16Z,86.0,Sense 2
2025-07-31T00:28:18Z,83.0,Sense 2
2025-07-31T00:28:20Z,87.0,Sense 2
2025-07-31T00:28:21Z,91.0,Sense 2
2025-07-31T00:28:24Z,91.0,Sense 2
2025-07-31T00:28:25Z,84.0,Sense 2
2025-07-31T00:28:27Z,89.0,Sense 2
2025-07-31T00:28:29Z,87.0,Sense 2
2025-07-31T00:28:31Z,89.0,Sense 2
2025-07-31T00:28:33Z,94.0,Sense 2
2025-07-31T00:28:36Z,94.0,Sense 2
2025-07-31T00:28:37Z,93.0,Sense 2
2025-07-31T00:28:39Z,99.0,Sense 2
2025-07-31T00:28:41Z,96.0,Sense 2
2025-07-31T00:28:43Z,88.0,Sense 2
2025-07-31T00:28:44Z,90.0,Sense 2
2025-07-31T00:28:46Z,91.0,Sense 2
2025-07-31T00:28:48Z,84.0,Sense 2
2025-07-31T00:28:50Z,92.0,Sense 2
2025-07-31T00:28:52Z,88.0,Sense 2
2025-07-31T00:28:54Z,86.0,Sense 2
2025-07-31T00:28:56Z,89.0,Sense 2
2025-07-31T00:28:58Z,90.0,Sense 2
2025-07-31T00:29:00Z,83.0,Sense 2
2025-07-31T00:29:02Z,77.0,Sense 2
2025-07-31T00:29:04Z,76.0,Sense 2
2025-07-31T00:29:07Z,76.0,Sense 2
2025-07-31T00:29:08Z,78.0,Sense 2
2025-07-31T00:29:09Z,70.0,Sense 2
2025-07-31T00:29:11Z,77.0,Sense 2
2025-07-31T00:29:13Z,85.0,Sense 2
2025-07-31T00:29:15Z,80.0,Sense 2
2025-07-31T00:29:17Z,73.0,Sense 2
2025-07-31T00:29:19Z,77.0,Sense 2
2025-07-31T00:29:21Z,75.0,Sense 2
2025-07-31T00:29:23Z,76.0,Sense 2
2025-07-31T00:29:25Z,81.0,Sense 2
2025-07-31T00:29:27Z,78.0,Sense 2
2025-07-31T00:29:29Z,83.0,Sense 2
2025-07-31T00:29:31Z,85.0,Sense 2
2025-07-31T00:29:32Z,82.0,Sense 2
2025-07-31T00:29:34Z,80.0,Sense 2
2025-07-31T00:29:36Z,83.0,Sense 2
2025-07-31T00:29:38Z,81.0,Sense 2
2025-07-31T00:29:40Z,77.0,Sense 2
2025-07-31T00:29:42Z,84.0,Sense 2
2025-07-31T00:37:56Z,90.0,Sense 2
2025-07-31T00:37:58Z,84.0,Sense 2
2025-07-31T00:38:00Z,85.0,Sense 2
2025-07-31T00:38:02Z,86.0,Sense 2
2025-07-31T00:38:04Z,84.0,Sense 2
2025-07-31T00:38:06Z,93.0,Sense 2
2025-07-31T00:38:09Z,93.0,Sense 2
2025-07-31T00:38:10Z,94.0,Sense 2
2025-07-31T00:38:12Z,95.0,Sense 2
2025-07-31T00:38:14Z,92.0,Sense 2
2025-07-31T00:38:16Z,89.0,Sense 2
2025-07-31T00:38:17Z,84.0,Sense 2
2025-07-31T00:38:19Z,85.0,Sense 2
2025-07-31T00:38:21Z,79.0,Sense 2
2025-07-31T00:38:23Z,83.0,Sense 2
2025-07-31T00:38:25Z,85.0,Sense 2
2025-07-31T00:38:27Z,91.0,Sense 2
2025-07-31T00:38:29Z,92.0,Sense 2
2025-07-31T01:16:37Z,90.0,Sense 2
2025-07-31T01:16:39Z,88.0,Sense 2
2025-07-31T01:16:41Z,90.0,Sense 2
2025-07-31T01:16:43Z,88.0,Sense 2
2025-07-31T01:16:45Z,92.0,Sense 2
2025-07-31T01:16:47Z,94.0,Sense 2
2025-07-31T01:16:49Z,95.0,Sense 2
2025-07-31T01:16:51Z,97.0,Sense 2
2025-07-31T01:16:53Z,100.0,Sense 2
2025-07-31T01:16:55Z,99.0,Sense 2
2025-07-31T01:16:57Z,100.0,Sense 2
2025-07-31T01:17:00Z,102.0,Sense 2
2025-07-31T01:17:02Z,104.0,Sense 2
2025-07-31T01:17:04Z,100.0,Sense 2
2025-07-31T01:17:06Z,108.0,Sense 2
2025-07-31T01:17:08Z,110.0,Sense 2
2025-07-31T01:17:10Z,108.0,Sense 2
2025-07-31T01:17:12Z,111.0,Sense 2
2025-07-31T01:17:14Z,108.0,Sense 2
2025-07-31T01:17:16Z,104.0,Sense 2
2025-07-31T01:17:18Z,105.0,Sense 2
2025-07-31T01:17:20Z,106.0,Sense 2
2025-07-31T01:17:22Z,103.0,Sense 2
2025-07-31T01:17:25Z,101.0,Sense 2
2025-07-31T01:17:28Z,100.0,Sense 2
2025-07-31T01:17:30Z,98.0,Sense 2
2025-07-31T01:17:33Z,98.0,Sense 2
2025-07-31T01:17:34Z,102.0,Sense 2
2025-07-31T01:17:36Z,101.0,Sense 2
2025-07-31T01:17:37Z,99.0,Sense 2
2025-07-31T01:17:40Z,99.0,Sense 2
2025-07-31T01:17:41Z,97.0,Sense 2
2025-07-31T01:17:43Z,99.0,Sense 2
2025-07-31T01:17:46Z,99.0,Sense 2
2025-07-31T01:17:47Z,98.0,Sense 2
2025-07-31T01:17:49Z,100.0,Sense 2
2025-07-31T01:17:51Z,97.0,Sense 2
2025-07-31T01:17:53Z,97.0,Sense 2
2025-07-31T01:17:56Z,97.0,Sense 2
2025-07-31T01:17:57Z,94.0,Sense 2
2025-07-31T01:17:59Z,99.0,Sense 2
2025-07-31T01:18:01Z,102.0,Sense 2
2025-07-31T01:18:02Z,101.0,Sense 2
2025-07-31T01:18:04Z,103.0,Sense 2
2025-07-31T01:18:06Z,100.0,Sense 2
2025-07-31T01:18:08Z,98.0,Sense 2
2025-07-31T01:18:10Z,97.0,Sense 2
2025-07-31T01:18:12Z,101.0,Sense 2
2025-07-31T01:18:14Z,98.0,Sense 2
2025-07-31T01:18:16Z,102.0,Sense 2
2025-07-31T01:18:18Z,102.0,Sense 2
2025-07-31T01:18:20Z,104.0,Sense 2
2025-07-31T01:18:22Z,105.0,Sense 2
2025-07-31T01:18:24Z,102.0,Sense 2
2025-07-31T01:18:25Z,98.0,Sense 2
2025-07-31T01:18:28Z,98.0,Sense 2
2025-07-31T01:18:29Z,98.0,Sense 2
2025-07-31T01:18:31Z,96.0,Sense 2
2025-07-31T01:18:34Z,96.0,Sense 2
2025-07-31T01:18:35Z,97.0,Sense 2
2025-07-31T01:18:37Z,100.0,Sense 2
2025-07-31T01:18:39Z,102.0,Sense 2
2025-07-31T01:18:41Z,99.0,Sense 2
2025-07-31T01:18:43Z,98.0,Sense 2
2025-07-31T01:18:45Z,97.0,Sense 2
2025-07-31T01:18:47Z,97.0,Sense 2
2025-07-31T01:18:49Z,95.0,Sense 2
2025-07-31T01:18:50Z,94.0,Sense 2
2025-07-31T01:18:52Z,97.0,Sense 2
2025-07-31T01:18:54Z,100.0,Sense 2
2025-07-31T01:18:56Z,98.0,Sense 2
2025-07-31T01:18:58Z,98.0,Sense 2
2025-07-31T01:19:00Z,100.0,Sense 2
2025-07-31T01:19:03Z,100.0,Sense 2
2025-07-31T01:19:04Z,99.0,Sense 2
2025-07-31T01:19:06Z,96.0,Sense 2
2025-07-31T01:19:08Z,97.0,Sense 2
2025-07-31T01:19:10Z,99.0,Sense 2
2025-07-31T01:19:12Z,100.0,Sense 2
2025-07-31T01:19:13Z,97.0,Sense 2
2025-07-31T01:19:15Z,95.0,Sense 2
2025-07-31T01:19:18Z,95.0,Sense 2
2025-07-31T01:19:19Z,95.0,Sense 2
2025-07-31T01:19:21Z,98.0,Sense 2
2025-07-31T01:19:24Z,98.0,Sense 2
2025-07-31T01:19:25Z,95.0,Sense 2
2025-07-31T01:19:27Z,98.0,Sense 2
2025-07-31T01:19:30Z,98.0,Sense 2
2025-07-31T01:19:33Z,95.0,Sense 2
2025-07-31T01:19:35Z,93.0,Sense 2
2025-07-31T01:19:37Z,94.0,Sense 2
2025-07-31T01:19:38Z,95.0,Sense 2
2025-07-31T01:19:40Z,94.0,Sense 2
2025-07-31T01:19:42Z,96.0,Sense 2
2025-07-31T01:19:44Z,100.0,Sense 2
2025-07-31T01:19:46Z,99.0,Sense 2
2025-07-31T01:19:48Z,97.0,Sense 2
2025-07-31T01:19:50Z,101.0,Sense 2
2025-07-31T01:19:52Z,100.0,Sense 2
2025-07-31T01:19:54Z,101.0,Sense 2
2025-07-31T01:19:56Z,103.0,Sense 2
2025-07-31T01:19:58Z,96.0,Sense 2
2025-07-31T01:20:00Z,98.0,Sense 2
2025-07-31T01:20:01Z,100.0,Sense 2
2025-07-31T01:20:03Z,103.0,Sense 2
2025-07-31T01:20:05Z,102.0,Sense 2
2025-07-31T01:20:07Z,105.0,Sense 2
2025-07-31T01:20:09Z,104.0,Sense 2
2025-07-31T01:20:11Z,103.0,Sense 2
2025-07-31T01:20:13Z,102.0,Sense 2
2025-07-31T01:20:15Z,99.0,Sense 2
2025-07-31T01:20:17Z,98.0,Sense 2
2025-07-31T01:20:19Z,99.0,Sense 2
2025-07-31T01:20:21Z,105.0,Sense 2
2025-07-31T01:20:23Z,99.0,Sense 2
2025-07-31T01:20:25Z,102.0,Sense 2
2025-07-31T01:20:26Z,103.0,Sense 2
2025-07-31T01:20:29Z,103.0,Sense 2
2025-07-31T01:20:30Z,100.0,Sense 2
2025-07-31T01:20:32Z,95.0,Sense 2
2025-07-31T01:20:34Z,96.0,Sense 2
2025-07-31T01:20:36Z,97.0,Sense 2
2025-07-31T01:20:38Z,98.0,Sense 2
2025-07-31T01:20:41Z,98.0,Sense 2
2025-07-31T01:20:42Z,97.0,Sense 2
2025-07-31T01:20:44Z,98.0,Sense 2
2025-07-31T01:20:46Z,99.0,Sense 2
2025-07-31T01:20:48Z,98.0,Sense 2
2025-07-31T01:20:49Z,97.0,Sense 2
2025-07-31T01:20:51Z,101.0,Sense 2
2025-07-31T01:20:53Z,100.0,Sense 2
2025-07-31T01:20:55Z,103.0,Sense 2
2025-07-31T01:20:57Z,105.0,Sense 2
2025-07-31T01:20:59Z,103.0,Sense 2
2025-07-31T01:21:01Z,100.0,Sense 2
2025-07-31T01:21:03Z,103.0,Sense 2
2025-07-31T01:21:05Z,100.0,Sense 2
2025-07-31T01:21:07Z,102.0,Sense 2
2025-07-31T01:21:10Z,102.0,Sense 2
2025-07-31T01:21:11Z,101.0,Sense 2
2025-07-31T01:21:13Z,102.0,Sense 2
2025-07-31T01:21:14Z,101.0,Sense 2
2025-07-31T01:21:16Z,95.0,Sense 2
2025-07-31T01:21:18Z,97.0,Sense 2
2025-07-31T01:21:20Z,99.0,Sense 2
2025-07-31T01:21:22Z,96.0,Sense 2
2025-07-31T01:21:25Z,96.0,Sense 2
2025-07-31T01:21:28Z,97.0,Sense 2
2025-07-31T01:21:30Z,95.0,Sense 2
2025-07-31T01:21:32Z,99.0,Sense 2
2025-07-31T01:21:34Z,96.0,Sense 2
2025-07-31T01:21:36Z,97.0,Sense 2
2025-07-31T01:21:37Z,105.0,Sense 2
2025-07-31T01:21:39Z,98.0,Sense 2
2025-07-31T01:21:41Z,93.0,Sense 2
2025-07-31T01:21:43Z,96.0,Sense 2
2025-07-31T01:21:45Z,95.0,Sense 2
2025-07-31T01:21:47Z,94.0,Sense 2
2025-07-31T01:21:50Z,94.0,Sense 2
2025-07-31T01:21:51Z,91.0,Sense 2
2025-07-31T01:21:53Z,92.0,Sense 2
2025-07-31T01:21:55Z,94.0,Sense 2
2025-07-31T01:21:57Z,94.0,Sense 2
2025-07-31T01:22:00Z,94.0,Sense 2
2025-07-31T01:22:01Z,95.0,Sense 2
2025-07-31T01:22:02Z,94.0,Sense 2
2025-07-31T01:22:04Z,96.0,Sense 2
2025-07-31T01:22:07Z,96.0,Sense 2
2025-07-31T01:22:08Z,93.0,Sense 2
2025-07-31T01:22:10Z,90.0,Sense 2
2025-07-31T01:22:12Z,93.0,Sense 2
2025-07-31T01:22:14Z,90.0,Sense 2
2025-07-31T01:22:16Z,88.0,Sense 2
2025-07-31T01:22:18Z,90.0,Sense 2
2025-07-31T01:22:20Z,91.0,Sense 2
2025-07-31T01:22:22Z,89.0,Sense 2
2025-07-31T01:22:24Z,91.0,Sense 2
2025-07-31T01:22:27Z,90.0,Sense 2
2025-07-31T01:22:29Z,93.0,Sense 2
2025-07-31T01:22:31Z,92.0,Sense 2
2025-07-31T01:22:33Z,90.0,Sense 2
2025-07-31T01:22:35Z,91.0,Sense 2
2025-07-31T01:22:37Z,89.0,Sense 2
2025-07-31T01:22:39Z,88.0,Sense 2
2025-07-31T01:22:41Z,88.0,Sense 2
2025-07-31T01:22:43Z,85.0,Sense 2
2025-07-31T01:22:46Z,85.0,Sense 2
2025-07-31T01:22:49Z,84.0,Sense 2
2025-07-31T01:22:50Z,82.0,Sense 2
2025-07-31T01:22:52Z,84.0,Sense 2
2025-07-31T01:22:55Z,84.0,Sense 2
2025-07-31T01:22:56Z,81.0,Sense 2
2025-07-31T01:22:58Z,82.0,Sense 2
2025-07-31T01:23:00Z,81.0,Sense 2
2025-07-31T01:23:02Z,80.0,Sense 2
2025-07-31T01:23:04Z,81.0,Sense 2
2025-07-31T01:23:06Z,80.0,Sense 2
2025-07-31T01:23:08Z,78.0,Sense 2
2025-07-31T01:23:10Z,80.0,Sense 2
2025-07-31T01:23:13Z,78.0,Sense 2
2025-07-31T01:23:15Z,80.0,Sense 2
2025-07-31T01:23:17Z,81.0,Sense 2
2025-07-31T01:23:19Z,79.0,Sense 2
2025-07-31T01:23:21Z,81.0,Sense 2
2025-07-31T01:23:24Z,81.0,Sense 2
2025-07-31T01:23:25Z,79.0,Sense 2
2025-07-31T01:23:27Z,81.0,Sense 2
2025-07-31T01:23:29Z,83.0,Sense 2
2025-07-31T01:23:31Z,84.0,Sense 2
2025-07-31T01:23:33Z,85.0,Sense 2
2025-07-31T01:23:35Z,85.0,Sense 2
2025-07-31T01:23:37Z,85.0,Sense 2
2025-07-31T01:23:40Z,86.0,Sense 2
2025-07-31T01:23:43Z,86.0,Sense 2
2025-07-31T01:23:44Z,88.0,Sense 2
2025-07-31T01:23:46Z,87.0,Sense 2
2025-07-31T01:23:48Z,86.0,Sense 2
2025-07-31T01:23:50Z,88.0,Sense 2
2025-07-31T01:23:52Z,87.0,Sense 2
2025-07-31T01:23:54Z,86.0,Sense 2
2025-07-31T01:23:56Z,87.0,Sense 2
2025-07-31T01:23:59Z,87.0,Sense 2
2025-07-31T01:24:02Z,87.0,Sense 2
2025-07-31T01:24:03Z,82.0,Sense 2
2025-07-31T01:24:05Z,81.0,Sense 2
2025-07-31T01:24:08Z,81.0,Sense 2
2025-07-31T01:24:11Z,82.0,Sense 2
2025-07-31T01:24:13Z,81.0,Sense 2
2025-07-31T01:24:16Z,81.0,Sense 2
2025-07-31T01:24:17Z,83.0,Sense 2
2025-07-31T01:28:57Z,100.0,Sense 2
2025-07-31T01:28:59Z,97.0,Sense 2
2025-07-31T01:29:01Z,101.0,Sense 2
2025-07-31T01:29:03Z,99.0,Sense 2
2025-07-31T01:29:06Z,97.0,Sense 2
2025-07-31T01:29:08Z,99.0,Sense 2
2025-07-31T01:29:11Z,99.0,Sense 2
2025-07-31T01:29:12Z,102.0,Sense 2
2025-07-31T01:29:14Z,94.0,Sense 2
2025-07-31T01:29:16Z,95.0,Sense 2
2025-07-31T01:29:18Z,97.0,Sense 2
2025-07-31T13:03:20Z,94.0,Sense 2
2025-07-31T13:03:22Z,98.0,Sense 2
2025-07-31T13:03:24Z,99.0,Sense 2
2025-07-31T13:03:26Z,92.0,Sense 2
2025-07-31T13:03:28Z,98.0,Sense 2
2025-07-31T13:03:30Z,97.0,Sense 2
2025-07-31T13:03:32Z,93.0,Sense 2
2025-07-31T13:03:34Z,94.0,Sense 2
2025-07-31T13:03:36Z,92.0,Sense 2
2025-07-31T13:03:38Z,93.0,Sense 2
2025-07-31T13:03:41Z,90.0,Sense 2
2025-07-31T13:03:43Z,86.0,Sense 2
2025-07-31T13:03:45Z,92.0,Sense 2
2025-07-31T13:03:48Z,92.0,Sense 2
2025-07-31T13:03:49Z,89.0,Sense 2
2025-07-31T13:03:51Z,93.0,Sense 2
2025-07-31T13:03:53Z,92.0,Sense 2
2025-07-31T13:03:56Z,92.0,Sense 2
2025-07-31T13:03:59Z,89.0,Sense 2
2025-07-31T13:10:31Z,86.0,Sense 2
2025-07-31T13:10:33Z,83.0,Sense 2
2025-07-31T13:10:35Z,88.0,Sense 2
2025-07-31T13:10:37Z,87.0,Sense 2
2025-07-31T13:10:39Z,85.0,Sense 2
2025-07-31T13:10:41Z,91.0,Sense 2
2025-07-31T13:10:43Z,88.0,Sense 2
2025-07-31T13:10:46Z,88.0,Sense 2
2025-07-31T13:10:47Z,92.0,Sense 2
2025-07-31T13:10:49Z,89.0,Sense 2
2025-07-31T13:10:51Z,84.0,Sense 2
2025-07-31T13:10:53Z,88.0,Sense 2
2025-07-31T13:10:54Z,87.0,Sense 2
2025-07-31T13:10:56Z,85.0,Sense 2
2025-07-31T13:10:58Z,86.0,Sense 2
2025-07-31T23:15:29Z,78.0,Sense 2
2025-07-31T23:15:31Z,89.0,Sense 2
2025-07-31T23:15:33Z,87.0,Sense 2
2025-07-31T23:15:35Z,74.0,Sense 2
2025-07-31T23:15:37Z,68.0,Sense 2
2025-07-31T23:15:39Z,75.0,Sense 2
2025-07-31T23:15:41Z,73.0,Sense 2
2025-07-31T23:15:43Z,71.0,Sense 2
2025-07-31T23:15:45Z,79.0,Sense 2
2025-07-31T23:15:46Z,77.0,Sense 2
2025-07-31T23:15:48Z,75.0,Sense 2
2025-07-31T23:15:50Z,73.0,Sense 2
2025-07-31T23:15:52Z,71.0,Sense 2
2025-07-31T23:15:54Z,67.0,Sense 2
2025-07-31T23:15:56Z,71.0,Sense 2
2025-07-31T23:15:58Z,69.0,Sense 2
2025-07-31T23:16:00Z,68.0,Sense 2
2025-07-31T23:16:02Z,77.0,Sense 2
2025-07-31T23:16:04Z,69.0,Sense 2
2025-07-31T23:16:07Z,69.0,Sense 2
2025-07-31T23:16:08Z,66.0,Sense 2
2025-07-31T23:16:09Z,61.0,Sense 2
2025-07-31T23:16:11Z,60.0,Sense 2
2025-07-31T23:16:13Z,56.0,Sense 2
2025-07-31T23:16:15Z,57.0,Sense 2
2025-07-31T23:16:18Z,57.0,Sense 2
2025-07-31T23:16:19Z,58.0,Sense 2
2025-07-31T23:16:22Z,58.0,Sense 2
2025-07-31T23:16:23Z,61.0,Sense 2
2025-07-31T23:16:25Z,60.0,Sense 2
2025-07-31T23:17:26Z,77.0,Sense 2
2025-07-31T23:17:29Z,77.0,Sense 2
2025-07-31T23:17:30Z,81.0,Sense 2
2025-07-31T23:17:31Z,78.0,Sense 2
2025-07-31T23:17:33Z,81.0,Sense 2
2025-07-31T23:17:35Z,85.0,Sense 2
2025-07-31T23:17:37Z,78.0,Sense 2
2025-07-31T23:17:39Z,83.0,Sense 2
2025-07-31T23:17:41Z,84.0,Sense 2
2025-07-31T23:17:43Z,77.0,Sense 2
2025-07-31T23:17:46Z,77.0,Sense 2
2025-07-31T23:17:47Z,78.0,Sense 2
2025-07-31T23:17:49Z,68.0,Sense 2
2025-07-31T23:17:51Z,69.0,Sense 2
2025-07-31T23:17:53Z,74.0,Sense 2
2025-07-31T23:17:54Z,57.0,Sense 2
2025-07-31T23:17:56Z,62.0,Sense 2
2025-07-31T23:17:58Z,68.0,Sense 2
2025-07-31T23:18:00Z,58.0,Sense 2
2025-07-31T23:18:02Z,60.0,Sense 2
2025-07-31T23:18:04Z,70.0,Sense 2
2025-07-31T23:18:06Z,59.0,Sense 2
2025-07-31T23:18:08Z,65.0,Sense 2
2025-07-31T23:18:10Z,76.0,Sense 2
2025-07-31T23:18:12Z,54.0,Sense 2
2025-07-31T23:18:14Z,58.0,Sense 2
2025-07-31T23:18:16Z,62.0,Sense 2
2025-07-31T23:18:18Z,55.0,Sense 2
2025-07-31T23:18:19Z,57.0,Sense 2
2025-07-31T23:18:21Z,69.0,Sense 2
2025-07-31T23:18:23Z,63.0,Sense 2
2025-07-31T23:18:25Z,73.0,Sense 2
2025-07-31T23:18:27Z,94.0,Sense 2
2025-07-31T23:18:29Z,57.0,Sense 2
2025-07-31T23:18:31Z,66.0,Sense 2
2025-07-31T23:18:33Z,63.0,Sense 2
2025-07-31T23:18:35Z,57.0,Sense 2
2025-07-31T23:18:37Z,62.0,Sense 2
2025-07-31T23:18:39Z,66.0,Sense 2
2025-07-31T23:18:41Z,60.0,Sense 2
2025-07-31T23:19:22Z,71.0,Sense 2
2025-07-31T23:19:24Z,63.0,Sense 2
2025-07-31T23:19:26Z,74.0,Sense 2
2025-07-31T23:19:28Z,81.0,Sense 2
2025-07-31T23:19:30Z,65.0,Sense 2
2025-07-31T23:19:32Z,70.0,Sense 2
2025-07-31T23:19:34Z,78.0,Sense 2
2025-07-31T23:19:36Z,65.0,Sense 2
2025-07-31T23:19:38Z,72.0,Sense 2
2025-07-31T23:19:40Z,74.0,Sense 2
2025-07-31T23:19:41Z,71.0,Sense 2
2025-07-31T23:19:43Z,79.0,Sense 2
2025-07-31T23:19:45Z,83.0,Sense 2
2025-07-31T23:19:47Z,68.0,Sense 2
2025-07-31T23:19:49Z,71.0,Sense 2
2025-07-31T23:19:51Z,78.0,Sense 2
2025-07-31T23:19:53Z,66.0,Sense 2
2025-07-31T23:19:55Z,75.0,Sense 2
2025-07-31T23:19:57Z,79.0,Sense 2
2025-07-31T23:19:59Z,68.0,Sense 2
2025-07-31T23:20:01Z,75.0,Sense 2
2025-07-31T23:20:03Z,76.0,Sense 2
2025-07-31T23:20:05Z,68.0,Sense 2
2025-07-31T23:20:06Z,70.0,Sense 2
2025-07-31T23:20:08Z,76.0,Sense 2
2025-07-31T23:20:10Z,67.0,Sense 2
2025-07-31T23:20:12Z,73.0,Sense 2
2025-07-31T23:20:14Z,80.0,Sense 2
2025-07-31T23:20:16Z,73.0,Sense 2
2025-07-31T23:20:18Z,85.0,Sense 2
2025-07-31T23:20:20Z,87.0,Sense 2
2025-07-31T23:20:22Z,65.0,Sense 2
2025-07-31T23:20:24Z,67.0,Sense 2
2025-07-31T23:20:26Z,74.0,Sense 2
2025-07-31T23:20:28Z,63.0,Sense 2
2025-07-31T23:20:29Z,68.0,Sense 2
2025-07-31T23:39:56Z,80.0,Sense 2
2025-07-31T23:39:58Z,84.0,Sense 2
2025-07-31T23:40:00Z,70.0,Sense 2
2025-07-31T23:40:02Z,78.0,Sense 2
2025-07-31T23:40:04Z,82.0,Sense 2
2025-07-31T23:40:06Z,67.0,Sense 2
2025-07-31T23:40:08Z,74.0,Sense 2
2025-07-31T23:40:10Z,79.0,Sense 2
2025-07-31T23:40:12Z,69.0,Sense 2
2025-07-31T23:40:14Z,80.0,Sense 2
2025-07-31T23:40:16Z,92.0,Sense 2
2025-07-31T23:40:18Z,86.0,Sense 2
2025-07-31T23:40:20Z,97.0,Sense 2
2025-07-31T23:40:21Z,104.0,Sense 2
2025-07-31T23:40:23Z,89.0,Sense 2
2025-07-31T23:40:25Z,86.0,Sense 2
2025-07-31T23:40:27Z,91.0,Sense 2
2025-07-31T23:40:29Z,80.0,Sense 2
2025-07-31T23:42:04Z,96.0,Sense 2
2025-07-31T23:42:06Z,80.0,Sense 2
2025-07-31T23:42:08Z,81.0,Sense 2
2025-07-31T23:42:10Z,89.0,Sense 2
2025-07-31T23:42:12Z,87.0,Sense 2
2025-07-31T23:42:14Z,91.0,Sense 2
2025-07-31T23:42:16Z,93.0,Sense 2
2025-07-31T23:42:18Z,88.0,Sense 2
2025-07-31T23:42:20Z,98.0,Sense 2
2025-07-31T23:42:22Z,99.0,Sense 2
2025-07-31T23:42:23Z,91.0,Sense 2
2025-07-31T23:42:25Z,93.0,Sense 2
2025-07-31T23:42:28Z,93.0,Sense 2
2025-07-31T23:42:29Z,89.0,Sense 2
2025-07-31T23:42:31Z,96.0,Sense 2
2025-07-31T23:42:33Z,91.0,Sense 2
2025-07-31T23:42:35Z,88.0,Sense 2
2025-07-31T23:42:37Z,93.0,Sense 2
2025-07-31T23:42:39Z,94.0,Sense 2
2025-07-31T23:42:41Z,78.0,Sense 2
2025-07-31T23:42:43Z,87.0,Sense 2
2025-07-31T23:42:45Z,97.0,Sense 2
2025-07-31T23:42:47Z,88.0,Sense 2
2025-07-31T23:42:48Z,94.0,Sense 2
2025-07-31T23:42:50Z,96.0,Sense 2
2025-07-31T23:42:52Z,98.0,Sense 2
2025-07-31T23:42:54Z,101.0,Sense 2
2025-07-31T23:42:57Z,101.0,Sense 2
2025-07-31T23:42:58Z,92.0,Sense 2
2025-07-31T23:43:00Z,97.0,Sense 2
2025-07-31T23:43:02Z,102.0,Sense 2
2025-07-31T23:43:04Z,101.0,Sense 2
2025-07-31T23:43:06Z,105.0,Sense 2
2025-07-31T23:43:09Z,105.0,Sense 2
2025-07-31T23:43:10Z,109.0,Sense 2
2025-07-31T23:43:11Z,134.0,Sense 2
2025-07-31T23:43:13Z,135.0,Sense 2
2025-07-31T23:43:15Z,125.0,Sense 2
2025-07-31T23:43:17Z,117.0,Sense 2
2025-07-31T23:43:19Z,112.0,Sense 2
2025-07-31T23:43:21Z,116.0,Sense 2
2025-07-31T23:43:23Z,112.0,Sense 2
2025-07-31T23:43:25Z,114.0,Sense 2
2025-07-31T23:43:27Z,110.0,Sense 2
2025-07-31T23:43:29Z,112.0,Sense 2
2025-07-31T23:43:31Z,117.0,Sense 2
2025-07-31T23:43:33Z,123.0,Sense 2
2025-07-31T23:43:35Z,119.0,Sense 2
2025-07-31T23:43:36Z,126.0,Sense 2
2025-07-31T23:43:38Z,122.0,Sense 2
2025-07-31T23:43:40Z,120.0,Sense 2
2025-07-31T23:43:42Z,119.0,Sense 2
2025-07-31T23:43:44Z,116.0,Sense 2
2025-07-31T23:43:46Z,113.0,Sense 2
2025-07-31T23:43:48Z,121.0,Sense 2
2025-07-31T23:43:50Z,117.0,Sense 2
2025-07-31T23:43:52Z,126.0,Sense 2
2025-07-31T23:43:54Z,137.0,Sense 2
2025-07-31T23:43:56Z,131.0,Sense 2
2025-07-31T23:43:58Z,123.0,Sense 2
2025-07-31T23:43:59Z,133.0,Sense 2
2025-07-31T23:44:01Z,135.0,Sense 2
2025-07-31T23:44:03Z,136.0,Sense 2
2025-07-31T23:44:05Z,141.0,Sense 2
2025-07-31T23:44:07Z,136.0,Sense 2
2025-07-31T23:44:09Z,133.0,Sense 2
2025-07-31T23:44:11Z,131.0,Sense 2
2025-07-31T23:44:13Z,127.0,Sense 2
2025-07-31T23:44:15Z,119.0,Sense 2
2025-07-31T23:44:17Z,121.0,Sense 2
2025-07-31T23:44:19Z,123.0,Sense 2
2025-07-31T23:44:21Z,122.0,Sense 2
2025-07-31T23:44:23Z,128.0,Sense 2
2025-07-31T23:44:26Z,118.0,Sense 2
2025-07-31T23:44:28Z,115.0,Sense 2
2025-07-31T23:44:30Z,113.0,Sense 2
2025-07-31T23:44:32Z,108.0,Sense 2
2025-07-31T23:44:34Z,107.0,Sense 2
2025-07-31T23:44:36Z,109.0,Sense 2
2025-07-31T23:44:38Z,104.0,Sense 2
2025-07-31T23:44:40Z,104.0,Sense 2
2025-07-31T23:44:43Z,104.0,Sense 2
2025-07-31T23:44:44Z,101.0,Sense 2
2025-07-31T23:44:46Z,102.0,Sense 2
2025-07-31T23:44:47Z,106.0,Sense 2
2025-07-31T23:44:49Z,104.0,Sense 2
2025-07-31T23:44:52Z,104.0,Sense 2
2025-07-31T23:44:55Z,102.0,Sense 2
2025-07-31T23:44:57Z,105.0,Sense 2
2025-07-31T23:44:59Z,105.0,Sense 2
2025-07-31T23:45:01Z,104.0,Sense 2
2025-07-31T23:45:03Z,103.0,Sense 2
2025-07-31T23:45:05Z,106.0,Sense 2
2025-07-31T23:45:07Z,104.0,Sense 2
2025-07-31T23:45:09Z,106.0,Sense 2
2025-07-31T23:45:11Z,104.0,Sense 2
2025-07-31T23:45:12Z,102.0,Sense 2
2025-07-31T23:45:14Z,103.0,Sense 2
2025-07-31T23:45:17Z,103.0,Sense 2
2025-07-31T23:45:18Z,98.0,Sense 2
2025-07-31T23:45:20Z,101.0,Sense 2
2025-07-31T23:45:22Z,103.0,Sense 2
2025-07-31T23:45:24Z,102.0,Sense 2
2025-07-31T23:45:26Z,106.0,Sense 2
2025-07-31T23:45:28Z,107.0,Sense 2
2025-07-31T23:45:31Z,107.0,Sense 2
2025-07-31T23:45:32Z,110.0,Sense 2
2025-07-31T23:45:34Z,105.0,Sense 2
2025-07-31T23:45:36Z,104.0,Sense 2
2025-07-31T23:45:38Z,111.0,Sense 2
2025-07-31T23:45:40Z,108.0,Sense 2
2025-07-31T23:45:42Z,105.0,Sense 2
