timestamp,steps,distance millimeters,altitude gain millimeters,data source
2025-08-14T01:32:46Z,1,0,0,Sense 2
2025-08-14T01:32:47Z,1,0,-304,Sense 2
2025-08-14T01:32:48Z,1,0,0,Sense 2
2025-08-14T01:32:49Z,1,170,304,Sense 2
2025-08-14T01:32:50Z,2,270,-304,Sense 2
2025-08-14T01:32:51Z,1,360,-304,Sense 2
2025-08-14T01:32:52Z,1,430,0,Sense 2
2025-08-14T01:32:53Z,1,500,304,Sense 2
2025-08-14T01:32:54Z,1,540,-304,Sense 2
2025-08-14T01:32:55Z,1,550,0,Sense 2
2025-08-14T01:32:56Z,2,590,609,Sense 2
2025-08-14T01:32:57Z,1,610,-609,Sense 2
2025-08-14T01:32:58Z,1,640,0,Sense 2
2025-08-14T01:32:59Z,1,660,304,Sense 2
2025-08-14T01:33:00Z,1,670,0,Sense 2
2025-08-14T01:33:01Z,2,680,-609,Sense 2
2025-08-14T01:33:02Z,1,700,304,Sense 2
2025-08-14T01:33:03Z,1,700,0,Sense 2
2025-08-14T01:33:04Z,1,710,0,Sense 2
2025-08-14T01:33:05Z,2,740,0,Sense 2
2025-08-14T01:33:06Z,1,750,0,Sense 2
2025-08-14T01:33:07Z,1,740,0,Sense 2
2025-08-14T01:33:08Z,2,770,304,Sense 2
2025-08-14T01:33:09Z,1,920,304,Sense 2
2025-08-14T01:33:10Z,1,920,-304,Sense 2
2025-08-14T01:33:11Z,2,940,609,Sense 2
2025-08-14T01:33:12Z,1,960,-914,Sense 2
2025-08-14T01:33:13Z,1,940,304,Sense 2
2025-08-14T01:33:14Z,2,960,-304,Sense 2
2025-08-14T01:33:15Z,1,960,304,Sense 2
2025-08-14T01:33:16Z,1,960,304,Sense 2
2025-08-14T01:33:17Z,1,960,-609,Sense 2
2025-08-14T01:33:18Z,1,950,304,Sense 2
2025-08-14T01:33:19Z,2,950,-304,Sense 2
2025-08-14T01:33:20Z,1,950,0,Sense 2
2025-08-14T01:33:21Z,0,940,-304,Sense 2
2025-08-14T01:33:22Z,0,850,914,Sense 2
2025-08-14T01:33:23Z,0,660,-304,Sense 2
2025-08-14T01:33:24Z,0,0,-304,Sense 2
2025-08-14T01:33:25Z,0,0,304,Sense 2
2025-08-14T01:33:26Z,1,0,-304,Sense 2
2025-08-14T01:33:27Z,2,0,304,Sense 2
2025-08-14T01:33:28Z,1,0,304,Sense 2
2025-08-14T01:33:29Z,2,140,304,Sense 2
2025-08-14T01:33:30Z,1,270,-304,Sense 2
2025-08-14T01:33:31Z,1,400,0,Sense 2
2025-08-14T01:33:32Z,1,520,0,Sense 2
2025-08-14T01:33:33Z,1,660,304,Sense 2
2025-08-14T01:33:34Z,2,680,0,Sense 2
2025-08-14T01:33:35Z,1,710,0,Sense 2
2025-08-14T01:33:36Z,1,730,304,Sense 2
2025-08-14T01:33:37Z,1,740,-304,Sense 2
2025-08-14T01:33:38Z,1,750,-304,Sense 2
2025-08-14T01:33:39Z,1,730,304,Sense 2
2025-08-14T01:33:40Z,1,710,0,Sense 2
2025-08-14T01:33:41Z,2,730,0,Sense 2
2025-08-14T01:33:42Z,1,740,0,Sense 2
2025-08-14T01:33:43Z,1,760,0,Sense 2
2025-08-14T01:33:44Z,1,760,0,Sense 2
2025-08-14T01:33:45Z,1,780,0,Sense 2
2025-08-14T01:33:46Z,1,740,0,Sense 2
2025-08-14T01:33:47Z,1,720,304,Sense 2
2025-08-14T01:33:48Z,1,700,-304,Sense 2
2025-08-14T01:33:49Z,2,730,0,Sense 2
2025-08-14T01:33:50Z,1,740,0,Sense 2
2025-08-14T01:33:51Z,2,790,0,Sense 2
2025-08-14T01:33:52Z,1,830,0,Sense 2
2025-08-14T01:33:53Z,0,820,0,Sense 2
2025-08-14T01:33:54Z,0,750,0,Sense 2
2025-08-14T01:33:55Z,0,650,0,Sense 2
2025-08-14T01:33:56Z,0,0,-304,Sense 2
2025-08-14T01:33:57Z,0,0,0,Sense 2
2025-08-14T01:33:58Z,1,0,304,Sense 2
2025-08-14T01:33:59Z,2,0,-304,Sense 2
2025-08-14T01:34:00Z,1,0,0,Sense 2
2025-08-14T01:34:01Z,2,150,304,Sense 2
2025-08-14T01:34:02Z,1,280,-304,Sense 2
2025-08-14T01:34:03Z,1,410,0,Sense 2
2025-08-14T01:34:04Z,2,570,304,Sense 2
2025-08-14T01:34:05Z,1,730,0,Sense 2
2025-08-14T01:34:06Z,1,750,-609,Sense 2
2025-08-14T01:34:07Z,1,770,304,Sense 2
2025-08-14T01:34:08Z,2,800,0,Sense 2
2025-08-14T01:34:09Z,1,810,304,Sense 2
2025-08-14T01:34:10Z,1,810,304,Sense 2
2025-08-14T01:34:11Z,1,800,-304,Sense 2
2025-08-14T01:34:12Z,1,810,304,Sense 2
2025-08-14T01:34:13Z,2,830,0,Sense 2
2025-08-14T01:34:14Z,1,890,304,Sense 2
2025-08-14T01:34:15Z,1,880,-304,Sense 2
2025-08-14T01:34:16Z,1,830,0,Sense 2
2025-08-14T01:34:17Z,0,790,-304,Sense 2
2025-08-14T01:34:18Z,1,720,0,Sense 2
2025-08-14T01:34:19Z,3,750,-304,Sense 2
2025-08-14T01:34:20Z,1,770,304,Sense 2
2025-08-14T01:34:21Z,1,770,304,Sense 2
2025-08-14T01:34:22Z,1,820,0,Sense 2
2025-08-14T01:34:23Z,2,880,-304,Sense 2
2025-08-14T01:34:24Z,2,930,0,Sense 2
2025-08-14T01:34:25Z,1,930,0,Sense 2
2025-08-14T01:34:26Z,2,990,-609,Sense 2
2025-08-14T01:34:27Z,1,1020,0,Sense 2
2025-08-14T01:34:28Z,2,1050,0,Sense 2
2025-08-14T01:34:29Z,2,1070,0,Sense 2
2025-08-14T01:34:30Z,1,1090,-304,Sense 2
2025-08-14T01:34:31Z,1,1080,0,Sense 2
2025-08-14T01:34:32Z,1,1090,304,Sense 2
2025-08-14T01:34:33Z,2,1080,-304,Sense 2
2025-08-14T01:34:34Z,1,1070,-304,Sense 2
2025-08-14T01:34:35Z,1,1070,304,Sense 2
2025-08-14T01:34:36Z,2,1070,0,Sense 2
2025-08-14T01:34:37Z,1,1060,0,Sense 2
2025-08-14T01:34:38Z,1,1060,0,Sense 2
2025-08-14T01:34:39Z,2,1060,0,Sense 2
2025-08-14T01:34:40Z,1,1050,0,Sense 2
2025-08-14T01:34:41Z,1,1060,0,Sense 2
2025-08-14T01:34:42Z,1,1040,0,Sense 2
2025-08-14T01:34:43Z,1,1040,0,Sense 2
2025-08-14T01:34:44Z,1,960,0,Sense 2
2025-08-14T01:34:45Z,2,960,304,Sense 2
2025-08-14T01:34:46Z,0,890,-304,Sense 2
2025-08-14T01:34:47Z,2,890,0,Sense 2
2025-08-14T01:34:48Z,1,890,-304,Sense 2
2025-08-14T01:34:49Z,2,890,304,Sense 2
2025-08-14T01:34:50Z,1,890,304,Sense 2
2025-08-14T01:34:51Z,1,900,0,Sense 2
2025-08-14T01:34:52Z,2,900,-304,Sense 2
2025-08-14T01:34:53Z,0,890,609,Sense 2
2025-08-14T01:34:54Z,1,860,-304,Sense 2
2025-08-14T01:34:55Z,0,740,0,Sense 2
2025-08-14T01:34:56Z,1,680,-609,Sense 2
2025-08-14T01:34:57Z,1,620,609,Sense 2
2025-08-14T01:34:58Z,0,560,-304,Sense 2
2025-08-14T01:34:59Z,2,560,304,Sense 2
2025-08-14T01:35:00Z,1,590,0,Sense 2
2025-08-14T01:35:01Z,2,640,0,Sense 2
2025-08-14T01:35:02Z,1,680,304,Sense 2
2025-08-14T01:35:03Z,1,750,-609,Sense 2
2025-08-14T01:35:04Z,1,770,304,Sense 2
2025-08-14T01:35:05Z,1,770,0,Sense 2
2025-08-14T01:35:06Z,0,720,0,Sense 2
2025-08-14T01:35:07Z,2,640,304,Sense 2
2025-08-14T01:35:08Z,1,0,-304,Sense 2
2025-08-14T01:35:09Z,1,0,304,Sense 2
2025-08-14T01:35:10Z,2,0,-304,Sense 2
2025-08-14T01:35:11Z,1,240,0,Sense 2
2025-08-14T01:35:12Z,2,390,0,Sense 2
2025-08-14T01:35:13Z,1,520,-609,Sense 2
2025-08-14T01:35:14Z,0,630,609,Sense 2
2025-08-14T01:35:15Z,1,750,0,Sense 2
2025-08-14T01:35:16Z,1,720,-304,Sense 2
2025-08-14T01:35:17Z,0,650,304,Sense 2
2025-08-14T01:35:18Z,1,590,0,Sense 2
2025-08-14T01:35:19Z,2,610,304,Sense 2
2025-08-14T01:35:20Z,1,620,304,Sense 2
2025-08-14T01:35:21Z,1,630,-609,Sense 2
2025-08-14T01:35:22Z,0,650,304,Sense 2
2025-08-14T01:35:23Z,1,660,-304,Sense 2
2025-08-14T01:35:24Z,1,620,304,Sense 2
2025-08-14T01:35:25Z,0,570,0,Sense 2
2025-08-14T01:35:26Z,1,0,0,Sense 2
2025-08-14T01:35:27Z,0,0,304,Sense 2
2025-08-14T01:35:28Z,1,0,-304,Sense 2
2025-08-14T01:35:29Z,2,0,-304,Sense 2
2025-08-14T01:35:30Z,1,0,304,Sense 2
2025-08-14T01:35:31Z,2,0,0,Sense 2
2025-08-14T01:35:32Z,1,0,304,Sense 2
2025-08-14T01:35:33Z,1,0,0,Sense 2
2025-08-14T01:35:34Z,2,0,-914,Sense 2
2025-08-14T01:35:35Z,0,0,304,Sense 2
2025-08-14T01:35:36Z,2,0,304,Sense 2
2025-08-14T01:35:37Z,1,0,0,Sense 2
2025-08-14T01:35:38Z,1,140,304,Sense 2
2025-08-14T01:35:39Z,0,230,0,Sense 2
2025-08-14T01:35:40Z,1,340,-304,Sense 2
2025-08-14T01:35:41Z,1,470,609,Sense 2
2025-08-14T01:35:42Z,0,540,-609,Sense 2
2025-08-14T01:35:43Z,0,0,0,Sense 2
2025-08-14T01:35:44Z,0,0,0,Sense 2
2025-08-14T01:35:45Z,0,0,0,Sense 2
2025-08-14T01:35:46Z,0,0,0,Sense 2
2025-08-14T01:35:47Z,0,0,0,Sense 2
2025-08-14T01:35:48Z,0,0,0,Sense 2
2025-08-14T01:35:49Z,0,0,0,Sense 2
2025-08-14T01:35:50Z,0,0,0,Sense 2
2025-08-14T01:35:51Z,0,0,-304,Sense 2
2025-08-14T01:35:52Z,0,0,609,Sense 2
2025-08-14T01:35:53Z,0,0,-304,Sense 2
2025-08-14T01:35:54Z,0,0,0,Sense 2
2025-08-14T01:35:55Z,0,0,0,Sense 2
2025-08-14T01:35:56Z,0,0,0,Sense 2
2025-08-14T01:35:57Z,0,0,0,Sense 2
2025-08-14T01:35:58Z,0,0,304,Sense 2
2025-08-14T01:35:59Z,0,0,0,Sense 2
2025-08-14T01:36:00Z,0,0,0,Sense 2
2025-08-14T01:36:01Z,0,0,-304,Sense 2
2025-08-14T01:36:02Z,2,0,304,Sense 2
2025-08-14T01:36:03Z,2,0,304,Sense 2
2025-08-14T01:36:04Z,0,0,-304,Sense 2
2025-08-14T01:36:05Z,0,0,304,Sense 2
2025-08-14T01:36:06Z,0,0,304,Sense 2
2025-08-14T01:36:07Z,0,0,-304,Sense 2
2025-08-14T01:36:08Z,0,0,-609,Sense 2
2025-08-14T01:36:09Z,0,0,0,Sense 2
2025-08-14T01:36:10Z,0,0,304,Sense 2
2025-08-14T01:36:11Z,0,0,0,Sense 2
2025-08-14T01:36:12Z,0,0,0,Sense 2
2025-08-14T01:36:13Z,0,0,0,Sense 2
2025-08-14T01:36:14Z,0,0,0,Sense 2
2025-08-14T01:36:15Z,0,0,609,Sense 2
2025-08-14T01:36:16Z,0,0,0,Sense 2
2025-08-14T01:36:17Z,0,0,-304,Sense 2
2025-08-14T01:36:18Z,0,0,0,Sense 2
2025-08-14T01:36:19Z,0,0,-609,Sense 2
2025-08-14T01:36:20Z,0,0,304,Sense 2
2025-08-14T01:36:21Z,0,0,0,Sense 2
2025-08-14T01:36:22Z,0,0,-609,Sense 2
2025-08-14T01:36:23Z,0,0,609,Sense 2
2025-08-14T01:36:24Z,0,0,0,Sense 2
2025-08-14T01:36:25Z,0,0,-609,Sense 2
2025-08-14T01:36:26Z,0,0,609,Sense 2
2025-08-14T01:36:27Z,0,0,0,Sense 2
2025-08-14T01:36:28Z,0,0,-304,Sense 2
2025-08-14T01:36:29Z,0,0,-304,Sense 2
2025-08-14T01:36:30Z,0,0,609,Sense 2
2025-08-14T01:36:31Z,0,0,-304,Sense 2
2025-08-14T01:36:32Z,0,0,0,Sense 2
2025-08-14T01:36:33Z,0,0,-304,Sense 2
2025-08-14T01:36:34Z,0,0,0,Sense 2
2025-08-14T01:36:35Z,0,0,0,Sense 2
2025-08-14T01:36:36Z,0,0,609,Sense 2
2025-08-14T01:36:37Z,0,0,0,Sense 2
2025-08-14T01:36:38Z,0,0,0,Sense 2
2025-08-14T01:36:39Z,0,0,0,Sense 2
2025-08-14T01:36:40Z,0,0,0,Sense 2
2025-08-14T01:36:41Z,0,0,0,Sense 2
2025-08-14T01:36:42Z,0,0,304,Sense 2
2025-08-14T01:36:43Z,0,0,-304,Sense 2
2025-08-14T01:36:44Z,0,0,0,Sense 2
2025-08-14T01:36:45Z,0,0,0,Sense 2
2025-08-14T01:36:46Z,0,0,0,Sense 2
2025-08-14T01:36:47Z,0,0,0,Sense 2
2025-08-14T01:36:48Z,0,0,0,Sense 2
2025-08-14T01:36:49Z,0,0,0,Sense 2
2025-08-14T01:36:50Z,0,0,304,Sense 2
2025-08-14T01:36:51Z,0,0,-304,Sense 2
2025-08-14T01:36:52Z,0,0,-304,Sense 2
2025-08-14T01:36:53Z,0,0,304,Sense 2
2025-08-14T01:36:54Z,0,0,0,Sense 2
2025-08-14T01:36:55Z,0,0,304,Sense 2
2025-08-14T01:36:56Z,0,0,-304,Sense 2
2025-08-14T01:36:57Z,0,0,0,Sense 2
2025-08-14T01:36:58Z,0,0,-304,Sense 2
2025-08-14T01:36:59Z,0,0,0,Sense 2
2025-08-14T01:37:00Z,0,0,0,Sense 2
2025-08-14T01:37:01Z,0,0,0,Sense 2
2025-08-14T01:37:02Z,0,0,0,Sense 2
2025-08-14T01:37:03Z,0,0,0,Sense 2
2025-08-14T01:37:04Z,0,0,304,Sense 2
2025-08-14T01:37:05Z,0,0,0,Sense 2
2025-08-14T01:37:06Z,0,0,0,Sense 2
2025-08-14T01:37:07Z,0,0,0,Sense 2
2025-08-14T01:37:08Z,0,0,0,Sense 2
2025-08-14T01:37:09Z,0,0,0,Sense 2
2025-08-14T01:37:10Z,0,0,0,Sense 2
2025-08-14T01:37:11Z,0,0,0,Sense 2
2025-08-14T01:37:12Z,0,0,609,Sense 2
2025-08-14T01:37:13Z,0,0,-304,Sense 2
2025-08-14T01:37:14Z,0,0,-304,Sense 2
2025-08-14T01:37:15Z,0,0,-304,Sense 2
2025-08-14T01:37:16Z,0,0,304,Sense 2
2025-08-14T01:37:17Z,0,0,0,Sense 2
2025-08-14T01:37:18Z,0,0,304,Sense 2
2025-08-14T01:37:19Z,0,0,0,Sense 2
2025-08-14T01:37:20Z,0,0,-304,Sense 2
2025-08-14T01:37:21Z,0,0,0,Sense 2
2025-08-14T01:37:22Z,0,0,-304,Sense 2
2025-08-14T01:37:23Z,0,0,0,Sense 2
2025-08-14T01:37:24Z,0,0,304,Sense 2
2025-08-14T01:37:25Z,0,0,0,Sense 2
2025-08-14T01:37:26Z,0,0,-304,Sense 2
2025-08-14T01:37:27Z,0,0,0,Sense 2
2025-08-14T01:37:28Z,0,0,0,Sense 2
2025-08-14T01:37:29Z,0,0,0,Sense 2
2025-08-14T01:37:30Z,0,0,0,Sense 2
2025-08-14T01:37:31Z,0,0,0,Sense 2
2025-08-14T01:37:32Z,0,0,304,Sense 2
2025-08-14T01:37:33Z,0,0,-304,Sense 2
2025-08-14T01:37:34Z,0,0,304,Sense 2
2025-08-14T01:37:35Z,0,0,-304,Sense 2
2025-08-14T01:37:36Z,0,0,-304,Sense 2
2025-08-14T01:37:37Z,0,0,304,Sense 2
2025-08-14T01:37:38Z,0,0,304,Sense 2
2025-08-14T01:37:39Z,0,0,304,Sense 2
2025-08-14T01:37:40Z,0,0,0,Sense 2
2025-08-14T01:37:41Z,0,0,-304,Sense 2
2025-08-14T01:37:42Z,2,0,0,Sense 2
2025-08-14T01:37:43Z,2,0,0,Sense 2
2025-08-14T01:37:44Z,0,0,-304,Sense 2
2025-08-14T01:37:45Z,0,0,304,Sense 2
2025-08-14T01:37:46Z,0,0,-304,Sense 2
2025-08-14T01:37:47Z,0,0,0,Sense 2
2025-08-14T01:37:48Z,0,0,304,Sense 2
2025-08-14T01:37:49Z,0,0,0,Sense 2
2025-08-14T01:37:50Z,0,0,0,Sense 2
2025-08-14T01:37:51Z,0,0,304,Sense 2
2025-08-14T01:37:52Z,0,0,-609,Sense 2
2025-08-14T01:37:53Z,0,0,0,Sense 2
2025-08-14T01:37:54Z,0,0,609,Sense 2
2025-08-14T01:37:55Z,0,0,-609,Sense 2
2025-08-14T01:37:56Z,0,0,304,Sense 2
2025-08-14T01:37:57Z,0,0,-304,Sense 2
2025-08-14T01:37:58Z,0,0,0,Sense 2
2025-08-14T01:37:59Z,0,0,0,Sense 2
2025-08-14T01:38:00Z,0,0,304,Sense 2
2025-08-14T01:38:01Z,0,0,-304,Sense 2
2025-08-14T01:38:02Z,0,0,609,Sense 2
2025-08-14T01:38:03Z,0,0,-304,Sense 2
2025-08-14T01:38:04Z,0,0,304,Sense 2
2025-08-14T01:38:05Z,0,0,-304,Sense 2
2025-08-14T01:38:06Z,0,0,0,Sense 2
2025-08-14T01:38:07Z,0,0,-304,Sense 2
2025-08-14T01:38:08Z,1,0,609,Sense 2
2025-08-14T01:38:09Z,1,0,-304,Sense 2
2025-08-14T01:38:10Z,4,0,0,Sense 2
2025-08-14T01:38:11Z,1,0,0,Sense 2
2025-08-14T01:38:12Z,2,0,0,Sense 2
2025-08-14T01:38:13Z,1,0,0,Sense 2
2025-08-14T01:38:14Z,1,0,0,Sense 2
2025-08-14T01:38:15Z,1,130,0,Sense 2
2025-08-14T01:38:16Z,2,310,0,Sense 2
2025-08-14T01:38:17Z,1,460,0,Sense 2
2025-08-14T01:38:18Z,2,650,0,Sense 2
2025-08-14T01:38:19Z,1,830,0,Sense 2
2025-08-14T01:38:20Z,1,860,-304,Sense 2
2025-08-14T01:38:21Z,1,840,609,Sense 2
2025-08-14T01:38:22Z,2,870,-304,Sense 2
2025-08-14T01:38:23Z,0,820,0,Sense 2
2025-08-14T01:38:24Z,1,780,0,Sense 2
2025-08-14T01:38:25Z,1,760,0,Sense 2
2025-08-14T01:38:26Z,1,730,0,Sense 2
2025-08-14T01:38:27Z,0,660,304,Sense 2
2025-08-14T01:38:28Z,0,590,0,Sense 2
2025-08-14T01:38:29Z,0,0,-304,Sense 2
2025-08-14T01:38:30Z,0,0,-304,Sense 2
2025-08-14T01:38:31Z,0,0,0,Sense 2
2025-08-14T01:38:32Z,0,0,0,Sense 2
2025-08-14T01:38:33Z,0,0,304,Sense 2
2025-08-14T01:38:34Z,0,0,0,Sense 2
2025-08-14T01:38:35Z,0,0,304,Sense 2
2025-08-14T01:38:36Z,0,0,0,Sense 2
2025-08-14T01:38:37Z,0,0,-304,Sense 2
2025-08-14T01:38:38Z,0,0,0,Sense 2
2025-08-14T01:38:39Z,0,0,-304,Sense 2
2025-08-14T01:38:40Z,0,0,304,Sense 2
2025-08-14T01:38:41Z,0,0,304,Sense 2
2025-08-14T01:38:42Z,0,0,-304,Sense 2
2025-08-14T01:38:43Z,0,0,-304,Sense 2
2025-08-14T01:38:44Z,0,0,609,Sense 2
2025-08-14T01:38:45Z,0,0,-609,Sense 2
2025-08-14T01:38:46Z,0,0,304,Sense 2
2025-08-14T01:38:47Z,0,0,-304,Sense 2
2025-08-14T01:38:48Z,0,0,0,Sense 2
2025-08-14T01:38:49Z,0,0,0,Sense 2
2025-08-14T01:38:50Z,0,0,609,Sense 2
2025-08-14T01:38:51Z,0,0,-609,Sense 2
2025-08-14T01:38:52Z,0,0,609,Sense 2
2025-08-14T01:38:53Z,0,0,-304,Sense 2
2025-08-14T01:38:54Z,0,0,-304,Sense 2
2025-08-14T01:38:55Z,0,0,0,Sense 2
2025-08-14T01:38:56Z,0,0,0,Sense 2
2025-08-14T01:38:57Z,1,0,0,Sense 2
2025-08-14T01:38:58Z,0,0,609,Sense 2
2025-08-14T01:38:59Z,0,0,0,Sense 2
2025-08-14T01:39:00Z,0,0,-304,Sense 2
2025-08-14T01:39:01Z,0,0,-304,Sense 2
2025-08-14T01:39:02Z,1,0,0,Sense 2
2025-08-14T01:39:03Z,2,0,304,Sense 2
2025-08-14T01:39:04Z,1,0,-304,Sense 2
2025-08-14T01:39:05Z,2,130,-304,Sense 2
2025-08-14T01:39:06Z,2,310,914,Sense 2
2025-08-14T01:39:07Z,1,460,0,Sense 2
2025-08-14T01:39:08Z,1,620,-609,Sense 2
2025-08-14T01:39:09Z,1,760,304,Sense 2
2025-08-14T01:39:10Z,2,810,-609,Sense 2
2025-08-14T01:39:11Z,1,820,304,Sense 2
2025-08-14T01:39:12Z,1,810,0,Sense 2
2025-08-14T01:39:13Z,2,840,609,Sense 2
2025-08-14T01:39:14Z,1,870,-304,Sense 2
2025-08-14T01:39:15Z,1,900,-304,Sense 2
2025-08-14T01:39:16Z,2,920,0,Sense 2
2025-08-14T01:39:17Z,1,940,0,Sense 2
2025-08-14T01:39:18Z,1,940,0,Sense 2
2025-08-14T01:39:19Z,2,950,304,Sense 2
2025-08-14T01:39:20Z,1,960,0,Sense 2
2025-08-14T01:39:21Z,1,960,0,Sense 2
2025-08-14T01:39:22Z,2,970,304,Sense 2
2025-08-14T01:39:23Z,1,980,-304,Sense 2
2025-08-14T01:39:24Z,1,980,-304,Sense 2
2025-08-14T01:39:25Z,1,970,304,Sense 2
2025-08-14T01:39:26Z,2,970,0,Sense 2
2025-08-14T01:39:27Z,1,980,-609,Sense 2
2025-08-14T01:39:28Z,1,970,609,Sense 2
2025-08-14T01:39:29Z,1,970,-609,Sense 2
2025-08-14T01:39:30Z,2,970,0,Sense 2
2025-08-14T01:39:31Z,1,970,0,Sense 2
2025-08-14T01:39:32Z,1,970,304,Sense 2
2025-08-14T01:39:33Z,1,960,0,Sense 2
2025-08-14T01:39:34Z,2,960,304,Sense 2
2025-08-14T01:39:35Z,1,960,-609,Sense 2
2025-08-14T01:39:36Z,1,960,0,Sense 2
2025-08-14T01:39:37Z,1,960,304,Sense 2
2025-08-14T01:39:38Z,2,950,-304,Sense 2
2025-08-14T01:39:39Z,1,950,609,Sense 2
2025-08-14T01:39:40Z,1,960,0,Sense 2
2025-08-14T01:39:41Z,1,940,-609,Sense 2
2025-08-14T01:39:42Z,1,950,304,Sense 2
2025-08-14T01:39:43Z,2,940,-304,Sense 2
2025-08-14T01:39:44Z,1,940,0,Sense 2
2025-08-14T01:39:45Z,1,940,609,Sense 2
2025-08-14T01:39:46Z,2,930,-609,Sense 2
2025-08-14T01:39:47Z,1,950,304,Sense 2
2025-08-14T01:39:48Z,1,940,-304,Sense 2
2025-08-14T01:39:49Z,1,930,304,Sense 2
2025-08-14T01:39:50Z,2,940,-304,Sense 2
2025-08-14T01:39:51Z,1,940,304,Sense 2
2025-08-14T01:39:52Z,1,940,-304,Sense 2
2025-08-14T01:39:53Z,1,930,0,Sense 2
2025-08-14T01:39:54Z,1,930,0,Sense 2
2025-08-14T01:39:55Z,2,930,304,Sense 2
2025-08-14T01:39:56Z,1,930,0,Sense 2
2025-08-14T01:39:57Z,1,920,0,Sense 2
2025-08-14T01:39:58Z,2,930,-304,Sense 2
2025-08-14T01:39:59Z,1,930,0,Sense 2
2025-08-14T01:40:00Z,1,930,0,Sense 2
2025-08-14T01:40:01Z,1,920,0,Sense 2
2025-08-14T01:40:02Z,1,920,0,Sense 2
2025-08-14T01:40:03Z,2,920,304,Sense 2
2025-08-14T01:40:04Z,1,920,-304,Sense 2
2025-08-14T01:40:05Z,1,920,304,Sense 2
2025-08-14T01:40:06Z,1,910,-304,Sense 2
2025-08-14T01:40:07Z,1,920,0,Sense 2
2025-08-14T01:40:08Z,1,900,304,Sense 2
2025-08-14T01:40:09Z,2,910,0,Sense 2
2025-08-14T01:40:10Z,1,910,-304,Sense 2
2025-08-14T01:40:11Z,1,900,0,Sense 2
2025-08-14T01:40:12Z,2,910,0,Sense 2
2025-08-14T01:40:13Z,1,900,304,Sense 2
2025-08-14T01:40:14Z,1,910,-304,Sense 2
2025-08-14T01:40:15Z,1,910,0,Sense 2
2025-08-14T01:40:16Z,1,900,0,Sense 2
2025-08-14T01:40:17Z,2,910,304,Sense 2
2025-08-14T01:40:18Z,1,900,0,Sense 2
2025-08-14T01:40:19Z,1,900,0,Sense 2
2025-08-14T01:40:20Z,1,890,0,Sense 2
2025-08-14T01:40:21Z,1,900,0,Sense 2
2025-08-14T01:40:22Z,1,890,0,Sense 2
2025-08-14T01:40:23Z,2,890,-304,Sense 2
2025-08-14T01:40:24Z,1,890,304,Sense 2
2025-08-14T01:40:25Z,1,900,0,Sense 2
2025-08-14T01:40:26Z,1,890,0,Sense 2
2025-08-14T01:40:27Z,1,890,-304,Sense 2
2025-08-14T01:40:28Z,1,880,0,Sense 2
2025-08-14T01:40:29Z,2,840,304,Sense 2
2025-08-14T01:40:30Z,1,820,0,Sense 2
2025-08-14T01:40:31Z,1,820,-304,Sense 2
2025-08-14T01:40:32Z,1,820,304,Sense 2
2025-08-14T01:40:33Z,2,860,0,Sense 2
2025-08-14T01:40:34Z,1,890,304,Sense 2
2025-08-14T01:40:35Z,1,890,0,Sense 2
2025-08-14T01:40:36Z,2,890,0,Sense 2
2025-08-14T01:40:37Z,1,900,-609,Sense 2
2025-08-14T01:40:38Z,1,890,0,Sense 2
2025-08-14T01:40:39Z,1,900,0,Sense 2
2025-08-14T01:40:40Z,2,900,0,Sense 2
2025-08-14T01:40:41Z,2,900,304,Sense 2
2025-08-14T01:40:42Z,1,900,-304,Sense 2
2025-08-14T01:40:43Z,2,960,304,Sense 2
2025-08-14T01:40:44Z,1,1000,0,Sense 2
2025-08-14T01:40:45Z,1,1000,0,Sense 2
2025-08-14T01:40:46Z,2,1000,-304,Sense 2
2025-08-14T01:40:47Z,1,1000,304,Sense 2
2025-08-14T01:40:48Z,2,1000,-304,Sense 2
2025-08-14T01:40:49Z,1,1000,609,Sense 2
2025-08-14T01:40:50Z,1,1000,-609,Sense 2
2025-08-14T01:40:51Z,1,1000,304,Sense 2
2025-08-14T01:40:52Z,1,990,0,Sense 2
2025-08-14T01:40:53Z,0,890,-304,Sense 2
2025-08-14T01:40:54Z,2,850,0,Sense 2
2025-08-14T01:40:55Z,1,770,-304,Sense 2
2025-08-14T01:40:56Z,1,750,0,Sense 2
2025-08-14T01:40:57Z,1,730,0,Sense 2
2025-08-14T01:40:58Z,1,750,304,Sense 2
2025-08-14T01:40:59Z,2,760,0,Sense 2
2025-08-14T01:41:00Z,1,770,0,Sense 2
2025-08-14T01:41:01Z,1,790,0,Sense 2
2025-08-14T01:41:02Z,1,790,0,Sense 2
2025-08-14T01:41:03Z,2,820,-304,Sense 2
2025-08-14T01:41:04Z,1,860,304,Sense 2
2025-08-14T01:41:05Z,1,890,304,Sense 2
2025-08-14T01:41:06Z,2,900,-304,Sense 2
2025-08-14T01:41:07Z,2,960,0,Sense 2
2025-08-14T01:41:08Z,2,1000,-304,Sense 2
2025-08-14T01:41:09Z,1,1040,0,Sense 2
2025-08-14T01:41:10Z,1,1070,304,Sense 2
2025-08-14T01:41:11Z,1,1050,0,Sense 2
2025-08-14T01:41:12Z,1,1050,0,Sense 2
2025-08-14T01:41:13Z,1,970,0,Sense 2
2025-08-14T01:41:14Z,1,900,-304,Sense 2
2025-08-14T01:41:15Z,3,910,304,Sense 2
2025-08-14T01:41:16Z,1,900,-304,Sense 2
2025-08-14T01:41:17Z,1,910,304,Sense 2
2025-08-14T01:41:18Z,1,910,0,Sense 2
2025-08-14T01:41:19Z,1,920,0,Sense 2
2025-08-14T01:41:20Z,1,860,609,Sense 2
2025-08-14T01:41:21Z,2,820,-609,Sense 2
2025-08-14T01:41:22Z,2,850,0,Sense 2
2025-08-14T01:41:23Z,1,900,0,Sense 2
2025-08-14T01:41:24Z,1,900,0,Sense 2
2025-08-14T01:41:25Z,1,900,0,Sense 2
2025-08-14T01:41:26Z,1,890,-304,Sense 2
2025-08-14T01:41:27Z,2,900,609,Sense 2
2025-08-14T01:41:28Z,1,900,-304,Sense 2
2025-08-14T01:41:29Z,1,900,304,Sense 2
2025-08-14T01:41:30Z,2,900,-304,Sense 2
2025-08-14T01:41:31Z,1,900,0,Sense 2
2025-08-14T01:41:32Z,1,890,-304,Sense 2
2025-08-14T01:41:33Z,2,900,0,Sense 2
2025-08-14T01:41:34Z,1,910,304,Sense 2
2025-08-14T01:41:35Z,1,900,0,Sense 2
2025-08-14T01:41:36Z,1,900,0,Sense 2
2025-08-14T01:41:37Z,1,890,-304,Sense 2
2025-08-14T01:41:38Z,0,820,0,Sense 2
2025-08-14T01:41:39Z,0,680,0,Sense 2
2025-08-14T01:41:40Z,0,0,304,Sense 2
2025-08-14T01:41:41Z,0,0,0,Sense 2
2025-08-14T01:41:42Z,0,0,0,Sense 2
2025-08-14T01:41:43Z,0,0,0,Sense 2
2025-08-14T01:41:44Z,0,0,0,Sense 2
2025-08-14T01:41:45Z,0,0,0,Sense 2
2025-08-14T01:41:46Z,0,0,0,Sense 2
2025-08-14T01:41:47Z,0,0,304,Sense 2
2025-08-14T01:41:48Z,0,0,-304,Sense 2
2025-08-14T01:41:49Z,0,0,0,Sense 2
2025-08-14T01:41:50Z,0,0,304,Sense 2
2025-08-14T01:41:51Z,0,0,-304,Sense 2
2025-08-14T01:41:52Z,0,0,0,Sense 2
2025-08-14T01:41:53Z,0,0,0,Sense 2
2025-08-14T01:41:54Z,2,0,-304,Sense 2
2025-08-14T01:41:55Z,1,0,0,Sense 2
2025-08-14T01:41:56Z,1,0,0,Sense 2
2025-08-14T01:41:57Z,1,0,0,Sense 2
2025-08-14T01:41:58Z,1,0,0,Sense 2
2025-08-14T01:41:59Z,2,0,304,Sense 2
2025-08-14T01:42:00Z,1,0,-304,Sense 2
2025-08-14T01:42:01Z,2,0,304,Sense 2
2025-08-14T01:42:02Z,1,0,-304,Sense 2
2025-08-14T01:42:03Z,2,0,0,Sense 2
2025-08-14T01:42:04Z,0,0,304,Sense 2
2025-08-14T01:42:05Z,2,140,-304,Sense 2
2025-08-14T01:42:06Z,1,260,0,Sense 2
2025-08-14T01:42:07Z,1,410,304,Sense 2
2025-08-14T01:42:08Z,1,540,0,Sense 2
2025-08-14T01:42:09Z,2,710,-304,Sense 2
2025-08-14T01:42:10Z,1,730,304,Sense 2
2025-08-14T01:42:11Z,1,750,-609,Sense 2
2025-08-14T01:42:12Z,2,810,304,Sense 2
2025-08-14T01:42:13Z,0,800,0,Sense 2
2025-08-14T01:42:14Z,1,780,304,Sense 2
2025-08-14T01:42:15Z,1,750,0,Sense 2
2025-08-14T01:42:16Z,1,720,-304,Sense 2
2025-08-14T01:42:17Z,1,680,0,Sense 2
2025-08-14T01:42:18Z,1,680,0,Sense 2
2025-08-14T01:42:19Z,1,680,-304,Sense 2
2025-08-14T01:42:20Z,1,680,304,Sense 2
2025-08-14T01:42:21Z,2,710,0,Sense 2
2025-08-14T01:42:22Z,1,740,0,Sense 2
2025-08-14T01:42:23Z,1,750,0,Sense 2
2025-08-14T01:42:24Z,2,800,0,Sense 2
2025-08-14T01:42:25Z,1,840,0,Sense 2
2025-08-14T01:42:26Z,1,830,0,Sense 2
2025-08-14T01:42:27Z,1,820,0,Sense 2
2025-08-14T01:42:28Z,1,820,0,Sense 2
2025-08-14T01:42:29Z,1,790,-609,Sense 2
2025-08-14T01:42:30Z,1,750,304,Sense 2
2025-08-14T01:42:31Z,1,740,609,Sense 2
2025-08-14T01:42:32Z,1,720,-304,Sense 2
2025-08-14T01:42:33Z,2,740,0,Sense 2
2025-08-14T01:42:34Z,1,760,0,Sense 2
2025-08-14T01:42:35Z,1,770,304,Sense 2
2025-08-14T01:42:36Z,2,810,-304,Sense 2
2025-08-14T01:42:37Z,2,880,304,Sense 2
2025-08-14T01:42:38Z,1,930,-304,Sense 2
2025-08-14T01:42:39Z,2,980,304,Sense 2
2025-08-14T01:42:40Z,1,1020,-609,Sense 2
2025-08-14T01:42:41Z,1,1010,609,Sense 2
2025-08-14T01:42:42Z,1,1010,609,Sense 2
2025-08-14T01:42:43Z,2,1020,-304,Sense 2
2025-08-14T01:42:44Z,1,1010,0,Sense 2
2025-08-14T01:42:45Z,1,1020,0,Sense 2
2025-08-14T01:42:46Z,1,1010,304,Sense 2
2025-08-14T01:42:47Z,1,1000,0,Sense 2
2025-08-14T01:42:48Z,1,930,-304,Sense 2
2025-08-14T01:42:49Z,2,930,0,Sense 2
2025-08-14T01:42:50Z,1,930,304,Sense 2
2025-08-14T01:42:51Z,1,930,0,Sense 2
2025-08-14T01:42:52Z,2,930,0,Sense 2
2025-08-14T01:42:53Z,1,930,-304,Sense 2
2025-08-14T01:42:54Z,1,920,304,Sense 2
2025-08-14T01:42:55Z,1,930,-304,Sense 2
2025-08-14T01:42:56Z,1,920,0,Sense 2
2025-08-14T01:42:57Z,1,910,0,Sense 2
2025-08-14T01:42:58Z,2,920,0,Sense 2
2025-08-14T01:42:59Z,0,910,0,Sense 2
2025-08-14T01:43:00Z,1,910,304,Sense 2
2025-08-14T01:43:01Z,1,900,-609,Sense 2
2025-08-14T01:43:02Z,1,890,304,Sense 2
2025-08-14T01:43:03Z,2,890,0,Sense 2
2025-08-14T01:43:04Z,1,900,304,Sense 2
2025-08-14T01:43:05Z,2,910,-304,Sense 2
2025-08-14T01:43:06Z,2,970,0,Sense 2
2025-08-14T01:43:07Z,1,1010,0,Sense 2
2025-08-14T01:43:08Z,1,1000,304,Sense 2
2025-08-14T01:43:09Z,2,1040,-304,Sense 2
2025-08-14T01:43:10Z,2,1070,0,Sense 2
2025-08-14T01:43:11Z,0,1060,0,Sense 2
2025-08-14T01:43:12Z,2,1050,0,Sense 2
2025-08-14T01:43:13Z,1,1060,0,Sense 2
2025-08-14T01:43:14Z,1,1050,304,Sense 2
2025-08-14T01:43:15Z,1,970,-304,Sense 2
2025-08-14T01:43:16Z,0,900,0,Sense 2
2025-08-14T01:43:17Z,1,820,304,Sense 2
2025-08-14T01:43:18Z,1,720,-304,Sense 2
2025-08-14T01:43:19Z,1,670,0,Sense 2
2025-08-14T01:43:20Z,1,640,0,Sense 2
2025-08-14T01:43:21Z,1,650,304,Sense 2
2025-08-14T01:43:22Z,0,620,-304,Sense 2
2025-08-14T01:43:23Z,2,630,0,Sense 2
2025-08-14T01:43:24Z,2,680,0,Sense 2
2025-08-14T01:43:25Z,1,710,304,Sense 2
2025-08-14T01:43:26Z,1,730,-609,Sense 2
2025-08-14T01:43:27Z,1,790,609,Sense 2
2025-08-14T01:43:28Z,0,760,-304,Sense 2
2025-08-14T01:43:29Z,1,700,0,Sense 2
2025-08-14T01:43:30Z,1,670,304,Sense 2
2025-08-14T01:43:31Z,1,630,0,Sense 2
2025-08-14T01:43:32Z,1,610,0,Sense 2
2025-08-14T01:43:33Z,1,630,-609,Sense 2
2025-08-14T01:43:34Z,1,640,0,Sense 2
2025-08-14T01:43:35Z,1,640,304,Sense 2
2025-08-14T01:43:36Z,1,660,-304,Sense 2
2025-08-14T01:43:37Z,0,630,304,Sense 2
2025-08-14T01:43:38Z,0,570,-304,Sense 2
2025-08-14T01:43:39Z,0,0,304,Sense 2
2025-08-14T01:43:40Z,0,0,0,Sense 2
2025-08-14T01:43:41Z,0,0,0,Sense 2
2025-08-14T01:43:42Z,0,0,0,Sense 2
2025-08-14T01:43:43Z,0,0,304,Sense 2
2025-08-14T01:43:44Z,0,0,0,Sense 2
2025-08-14T01:43:45Z,0,0,0,Sense 2
2025-08-14T01:43:46Z,0,0,0,Sense 2
2025-08-14T01:43:47Z,0,0,-304,Sense 2
2025-08-14T01:43:48Z,0,0,304,Sense 2
2025-08-14T01:43:49Z,0,0,-304,Sense 2
2025-08-14T01:43:50Z,0,0,304,Sense 2
2025-08-14T01:43:51Z,0,0,0,Sense 2
2025-08-14T01:43:52Z,0,0,0,Sense 2
2025-08-14T01:43:53Z,0,0,-304,Sense 2
2025-08-14T01:43:54Z,0,0,0,Sense 2
2025-08-14T01:43:55Z,0,0,0,Sense 2
2025-08-14T01:43:56Z,0,0,0,Sense 2
2025-08-14T01:43:57Z,0,0,0,Sense 2
2025-08-14T01:43:58Z,0,0,0,Sense 2
2025-08-14T01:43:59Z,0,0,0,Sense 2
2025-08-14T01:44:00Z,0,0,0,Sense 2
2025-08-14T01:44:01Z,0,0,0,Sense 2
2025-08-14T01:44:02Z,0,0,0,Sense 2
2025-08-14T01:44:03Z,0,0,0,Sense 2
2025-08-14T01:44:04Z,0,0,0,Sense 2
2025-08-14T01:44:05Z,0,0,0,Sense 2
2025-08-14T01:44:06Z,0,0,0,Sense 2
2025-08-14T01:44:07Z,0,0,0,Sense 2
2025-08-14T01:44:08Z,0,0,0,Sense 2
2025-08-14T01:44:09Z,0,0,0,Sense 2
2025-08-14T01:44:10Z,0,0,-609,Sense 2
2025-08-14T01:44:11Z,0,0,609,Sense 2
2025-08-14T01:44:12Z,0,0,0,Sense 2
2025-08-14T01:44:13Z,0,0,0,Sense 2
2025-08-14T01:44:14Z,0,0,-609,Sense 2
2025-08-14T01:44:15Z,0,0,304,Sense 2
2025-08-14T01:44:16Z,0,0,-304,Sense 2
2025-08-14T01:44:17Z,0,0,0,Sense 2
2025-08-14T01:44:18Z,0,0,-304,Sense 2
2025-08-14T01:44:19Z,0,0,914,Sense 2
2025-08-14T01:44:20Z,0,0,-609,Sense 2
2025-08-14T01:44:21Z,2,0,609,Sense 2
2025-08-14T01:44:22Z,2,0,609,Sense 2
2025-08-14T01:44:23Z,0,0,0,Sense 2
2025-08-14T01:44:24Z,0,0,-609,Sense 2
2025-08-14T01:44:25Z,0,0,609,Sense 2
2025-08-14T01:44:26Z,0,0,-304,Sense 2
2025-08-14T01:44:27Z,0,0,304,Sense 2
2025-08-14T01:44:28Z,0,0,-609,Sense 2
2025-08-14T01:44:29Z,0,0,0,Sense 2
2025-08-14T01:44:30Z,0,0,0,Sense 2
2025-08-14T01:44:31Z,0,0,0,Sense 2
2025-08-14T01:44:32Z,0,0,609,Sense 2
2025-08-14T01:44:33Z,0,0,0,Sense 2
2025-08-14T01:44:34Z,0,0,0,Sense 2
2025-08-14T01:44:35Z,0,0,0,Sense 2
2025-08-14T01:44:36Z,0,0,0,Sense 2
2025-08-14T01:44:37Z,0,0,0,Sense 2
2025-08-14T01:44:38Z,0,0,0,Sense 2
2025-08-14T01:44:39Z,0,0,-304,Sense 2
2025-08-14T01:44:40Z,0,0,0,Sense 2
2025-08-14T01:44:41Z,0,0,0,Sense 2
2025-08-14T01:44:42Z,0,0,-304,Sense 2
2025-08-14T01:44:43Z,0,0,304,Sense 2
2025-08-14T01:44:44Z,0,0,0,Sense 2
2025-08-14T01:44:45Z,0,0,-609,Sense 2
2025-08-14T01:44:46Z,0,0,609,Sense 2
2025-08-14T01:44:47Z,0,0,-304,Sense 2
2025-08-14T01:44:48Z,0,0,0,Sense 2
2025-08-14T01:44:49Z,0,0,0,Sense 2
2025-08-14T01:44:50Z,0,0,0,Sense 2
2025-08-14T01:44:51Z,0,0,609,Sense 2
2025-08-14T01:44:52Z,0,0,-304,Sense 2
2025-08-14T01:44:53Z,0,0,304,Sense 2
2025-08-14T01:44:54Z,0,0,-609,Sense 2
2025-08-14T01:44:55Z,0,0,0,Sense 2
2025-08-14T01:44:56Z,0,0,0,Sense 2
2025-08-14T01:44:57Z,0,0,-304,Sense 2
2025-08-14T01:44:58Z,0,0,914,Sense 2
2025-08-14T01:44:59Z,0,0,-304,Sense 2
2025-08-14T01:45:00Z,0,0,304,Sense 2
2025-08-14T01:45:01Z,0,0,-304,Sense 2
2025-08-14T01:45:02Z,0,0,0,Sense 2
2025-08-14T01:45:03Z,0,0,-304,Sense 2
2025-08-14T01:45:04Z,0,0,0,Sense 2
2025-08-14T01:45:05Z,0,0,0,Sense 2
2025-08-14T01:45:06Z,0,0,304,Sense 2
2025-08-14T01:45:07Z,0,0,-304,Sense 2
2025-08-14T01:45:08Z,0,0,0,Sense 2
2025-08-14T01:45:09Z,0,0,304,Sense 2
2025-08-14T01:45:10Z,0,0,-304,Sense 2
2025-08-14T01:45:11Z,0,0,0,Sense 2
2025-08-14T01:45:12Z,0,0,304,Sense 2
2025-08-14T01:45:13Z,0,0,-609,Sense 2
2025-08-14T01:45:14Z,0,0,609,Sense 2
2025-08-14T01:45:15Z,0,0,-304,Sense 2
2025-08-14T01:45:16Z,0,0,304,Sense 2
2025-08-14T01:45:17Z,0,0,-304,Sense 2
2025-08-14T01:45:18Z,0,0,609,Sense 2
2025-08-14T01:45:19Z,0,0,-304,Sense 2
2025-08-14T01:45:20Z,0,0,0,Sense 2
2025-08-14T01:45:21Z,0,0,0,Sense 2
2025-08-14T01:45:22Z,0,0,0,Sense 2
2025-08-14T01:45:23Z,0,0,-304,Sense 2
2025-08-14T01:45:24Z,0,0,304,Sense 2
2025-08-14T01:45:25Z,0,0,-304,Sense 2
2025-08-14T01:45:26Z,0,0,0,Sense 2
2025-08-14T01:45:27Z,0,0,0,Sense 2
2025-08-14T01:45:28Z,0,0,304,Sense 2
2025-08-14T01:45:29Z,0,0,0,Sense 2
2025-08-14T01:45:30Z,0,0,0,Sense 2
2025-08-14T01:45:31Z,0,0,0,Sense 2
2025-08-14T01:45:32Z,0,0,304,Sense 2
2025-08-14T01:45:33Z,0,0,-304,Sense 2
2025-08-14T01:45:34Z,0,0,0,Sense 2
2025-08-14T01:45:35Z,0,0,0,Sense 2
2025-08-14T01:45:36Z,0,0,-609,Sense 2
2025-08-14T01:45:37Z,0,0,304,Sense 2
2025-08-14T01:45:38Z,0,0,-304,Sense 2
2025-08-14T01:45:39Z,0,0,304,Sense 2
2025-08-14T01:45:40Z,0,0,-304,Sense 2
2025-08-14T01:45:41Z,0,0,304,Sense 2
2025-08-14T01:45:42Z,0,0,0,Sense 2
2025-08-14T01:45:43Z,0,0,-304,Sense 2
2025-08-14T01:45:44Z,0,0,304,Sense 2
2025-08-14T01:45:45Z,0,0,0,Sense 2
2025-08-14T01:45:46Z,0,0,0,Sense 2
2025-08-14T01:45:47Z,0,0,304,Sense 2
2025-08-14T01:45:48Z,0,0,-304,Sense 2
2025-08-14T01:45:49Z,1,0,609,Sense 2
2025-08-14T01:45:50Z,1,0,-609,Sense 2
2025-08-14T01:45:51Z,1,0,304,Sense 2
2025-08-14T01:45:52Z,2,0,-304,Sense 2
2025-08-14T01:45:53Z,1,0,0,Sense 2
2025-08-14T01:45:54Z,1,0,304,Sense 2
2025-08-14T01:45:55Z,0,0,-304,Sense 2
2025-08-14T01:45:56Z,1,0,304,Sense 2
2025-08-14T01:45:57Z,1,0,0,Sense 2
2025-08-14T01:45:58Z,1,0,0,Sense 2
2025-08-14T01:45:59Z,2,0,0,Sense 2
2025-08-14T01:46:00Z,1,0,304,Sense 2
2025-08-14T01:46:01Z,2,130,0,Sense 2
2025-08-14T01:46:02Z,2,230,-304,Sense 2
2025-08-14T01:46:03Z,2,230,-304,Sense 2
2025-08-14T01:46:04Z,1,350,304,Sense 2
2025-08-14T01:46:05Z,1,460,-609,Sense 2
2025-08-14T01:46:06Z,0,540,304,Sense 2
2025-08-14T01:46:07Z,1,510,-304,Sense 2
2025-08-14T01:46:08Z,1,520,304,Sense 2
2025-08-14T01:46:09Z,1,520,0,Sense 2
2025-08-14T01:46:10Z,0,490,304,Sense 2
2025-08-14T01:46:11Z,2,540,0,Sense 2
2025-08-14T01:46:12Z,1,570,-304,Sense 2
2025-08-14T01:46:13Z,0,570,0,Sense 2
2025-08-14T01:46:14Z,1,550,0,Sense 2
2025-08-14T01:46:15Z,1,590,0,Sense 2
2025-08-14T01:46:16Z,0,540,0,Sense 2
2025-08-14T01:46:17Z,1,500,0,Sense 2
2025-08-14T01:46:18Z,2,550,0,Sense 2
2025-08-14T01:46:19Z,1,580,-304,Sense 2
2025-08-14T01:46:20Z,1,600,304,Sense 2
2025-08-14T01:46:21Z,1,660,0,Sense 2
2025-08-14T01:46:22Z,1,690,0,Sense 2
2025-08-14T01:46:23Z,1,690,0,Sense 2
2025-08-14T01:46:24Z,2,720,0,Sense 2
2025-08-14T01:46:25Z,0,710,0,Sense 2
2025-08-14T01:46:26Z,2,730,304,Sense 2
2025-08-14T01:46:27Z,1,750,-304,Sense 2
2025-08-14T01:46:28Z,1,770,0,Sense 2
2025-08-14T01:46:29Z,0,710,0,Sense 2
2025-08-14T01:46:30Z,1,700,304,Sense 2
2025-08-14T01:46:31Z,0,630,0,Sense 2
2025-08-14T01:46:32Z,0,0,-304,Sense 2
2025-08-14T01:46:33Z,0,0,0,Sense 2
2025-08-14T01:46:34Z,0,0,304,Sense 2
2025-08-14T01:46:35Z,0,0,304,Sense 2
2025-08-14T01:46:36Z,0,0,-609,Sense 2
2025-08-14T01:46:37Z,0,0,0,Sense 2
2025-08-14T01:46:38Z,0,0,-304,Sense 2
2025-08-14T01:46:39Z,0,0,304,Sense 2
2025-08-14T01:46:40Z,0,0,0,Sense 2
2025-08-14T01:46:41Z,0,0,-304,Sense 2
2025-08-14T01:46:42Z,0,0,304,Sense 2
2025-08-14T01:46:43Z,0,0,0,Sense 2
2025-08-14T01:46:44Z,0,0,304,Sense 2
2025-08-14T01:46:45Z,0,0,0,Sense 2
2025-08-14T01:46:46Z,0,0,-609,Sense 2
2025-08-14T01:46:47Z,0,0,609,Sense 2
2025-08-14T01:46:48Z,0,0,0,Sense 2
2025-08-14T01:46:49Z,0,0,0,Sense 2
2025-08-14T01:46:50Z,0,0,0,Sense 2
2025-08-14T01:46:51Z,0,0,0,Sense 2
2025-08-14T01:46:52Z,0,0,0,Sense 2
2025-08-14T01:46:53Z,0,0,0,Sense 2
2025-08-14T01:46:54Z,0,0,0,Sense 2
2025-08-14T01:46:55Z,0,0,304,Sense 2
2025-08-14T01:46:56Z,0,0,-304,Sense 2
2025-08-14T01:46:57Z,0,0,0,Sense 2
2025-08-14T01:46:58Z,0,0,0,Sense 2
2025-08-14T01:46:59Z,0,0,0,Sense 2
2025-08-14T01:47:00Z,0,0,0,Sense 2
2025-08-14T01:47:01Z,0,0,0,Sense 2
2025-08-14T01:47:02Z,0,0,0,Sense 2
2025-08-14T01:47:03Z,0,0,0,Sense 2
2025-08-14T01:47:04Z,0,0,0,Sense 2
2025-08-14T01:47:05Z,0,0,0,Sense 2
2025-08-14T01:47:06Z,0,0,0,Sense 2
2025-08-14T01:47:07Z,0,0,-304,Sense 2
2025-08-14T01:47:08Z,0,0,304,Sense 2
2025-08-14T01:47:09Z,0,0,0,Sense 2
2025-08-14T01:47:10Z,0,0,-304,Sense 2
2025-08-14T01:47:11Z,0,0,304,Sense 2
2025-08-14T01:47:12Z,0,0,0,Sense 2
2025-08-14T01:47:13Z,0,0,-609,Sense 2
2025-08-14T01:47:14Z,0,0,609,Sense 2
2025-08-14T01:47:15Z,0,0,-609,Sense 2
2025-08-14T01:47:16Z,0,0,304,Sense 2
2025-08-14T01:47:17Z,0,0,304,Sense 2
2025-08-14T01:47:18Z,0,0,0,Sense 2
2025-08-14T01:47:19Z,0,0,0,Sense 2
2025-08-14T01:47:20Z,0,0,-609,Sense 2
2025-08-14T01:47:21Z,0,0,304,Sense 2
