recorded_time,temperature
2025-07-20T00:00,0.6521809465966797
2025-07-20T00:01,0.6921809465966788
2025-07-20T00:02,0.6921809465966788
2025-07-20T00:03,0.6921809465966788
2025-07-20T00:04,0.7021809465966768
2025-07-20T00:05,0.7121809465966749
2025-07-20T00:06,0.7021809465966768
2025-07-20T00:07,0.6921809465966788
2025-07-20T00:08,0.6921809465966788
2025-07-20T00:09,0.7121809465966749
2025-07-20T00:10,0.7021809465966768
2025-07-20T00:11,0.6921809465966788
2025-07-20T00:12,0.6921809465966788
2025-07-20T00:13,0.6921809465966788
2025-07-20T00:14,0.6921809465966788
2025-07-20T00:15,0.6921809465966788
2025-07-20T00:16,0.5821809465966794
2025-07-20T00:17,0.4321809465966808
2025-07-20T00:18,0.30218094659667827
2025-07-20T00:19,0.19218094659667884
2025-07-20T00:20,0.1721809465966757
2025-07-20T00:21,0.23218094659667798
2025-07-20T00:22,0.27218094659667713
2025-07-20T00:23,0.3421809465966774
2025-07-20T00:24,0.4121809465966777
2025-07-20T00:25,0.47218094659668
2025-07-20T00:26,0.5621809465966763
2025-07-20T00:27,0.6121809465966805
2025-07-20T00:28,0.6521809465966797
2025-07-20T00:29,0.72218094659668
2025-07-20T00:30,0.7621809465966791
2025-07-20T00:31,0.8021809465966783
2025-07-20T00:32,0.8221809465966814
2025-07-20T00:33,0.8321809465966794
2025-07-20T00:34,0.8421809465966774
2025-07-20T00:35,0.8721809465966786
2025-07-20T00:36,0.8921809465966817
2025-07-20T00:37,0.9221809465966757
2025-07-20T00:38,0.9321809465966808
2025-07-20T00:39,0.97218094659668
2025-07-20T00:40,0.982180946596678
2025-07-20T00:41,1.0121809465966791
2025-07-20T00:42,1.0221809465966771
2025-07-20T00:43,1.0221809465966771
2025-07-20T00:44,1.0421809465966803
2025-07-20T00:45,1.0521809465966783
2025-07-20T00:46,1.0521809465966783
2025-07-20T00:47,1.0621809465966763
2025-07-20T00:48,1.0821809465966794
2025-07-20T00:49,1.0821809465966794
2025-07-20T00:50,1.1121809465966805
2025-07-20T00:51,1.0721809465966814
2025-07-20T00:52,1.0921809465966774
2025-07-20T00:53,1.0821809465966794
2025-07-20T00:54,1.0821809465966794
2025-07-20T00:55,1.1021809465966754
2025-07-20T00:56,1.0921809465966774
2025-07-20T00:57,1.0821809465966794
2025-07-20T00:58,1.0921809465966774
2025-07-20T00:59,1.0521809465966783
2025-07-20T01:00,1.0321809465966751
2025-07-20T01:01,1.0121809465966791
2025-07-20T01:02,1.0221809465966771
2025-07-20T01:03,1.0421809465966803
2025-07-20T01:04,1.0321809465966751
2025-07-20T01:05,1.0421809465966803
2025-07-20T01:06,1.0421809465966803
2025-07-20T01:07,1.0521809465966783
2025-07-20T01:08,1.0321809465966751
2025-07-20T01:09,1.0321809465966751
2025-07-20T01:10,0.982180946596678
2025-07-20T01:11,0.8321809465966794
2025-07-20T01:12,0.72218094659668
2025-07-20T01:13,0.6221809465966786
2025-07-20T01:14,0.5121809465966791
2025-07-20T01:15,0.4221809465966757
2025-07-20T01:16,0.3221809465966814
2025-07-20T01:17,0.2521809465966811
2025-07-20T01:18,0.21218094659667486
2025-07-20T01:19,0.1721809465966757
2025-07-20T01:20,0.11218094659668054
2025-07-20T01:21,0.09218094659667742
2025-07-20T01:22,0.0821809465966794
2025-07-20T01:23,0.09218094659667742
2025-07-20T01:24,0.12218094659667855
2025-07-20T01:25,0.1521809465966797
2025-07-20T01:26,0.1721809465966757
2025-07-20T01:27,0.1721809465966757
2025-07-20T01:28,0.11218094659668054
2025-07-20T01:29,0.09218094659667742
2025-07-20T01:30,0.06218094659667628
2025-07-20T01:31,0.05218094659667827
2025-07-20T01:32,0.05218094659667827
2025-07-20T01:33,0.03218094659667514
2025-07-20T01:34,-0.007819053403324006
2025-07-20T01:35,0.01218094659667912
2025-07-20T01:36,0.0021809465966811103
2025-07-20T01:37,0.01218094659667912
2025-07-20T01:38,0.02218094659667713
2025-07-20T01:39,0.04218094659668026
2025-07-20T01:40,0.04218094659668026
2025-07-20T01:41,0.05218094659667827
2025-07-20T01:42,0.05218094659667827
2025-07-20T01:43,0.05218094659667827
2025-07-20T01:44,0.06218094659667628
2025-07-20T01:45,0.04218094659668026
2025-07-20T01:46,-0.027819053403320027
2025-07-20T01:47,-0.09781905340332031
2025-07-20T01:48,-0.1678190534033206
2025-07-20T01:49,-0.20781905340331974
2025-07-20T01:50,-0.12781905340332145
2025-07-20T01:51,0.0021809465966811103
2025-07-20T01:52,0.18218094659668083
2025-07-20T01:53,0.29218094659668026
2025-07-20T01:54,0.38218094659667656
2025-07-20T01:55,0.47218094659668
2025-07-20T01:56,0.5421809465966803
2025-07-20T01:57,0.5921809465966774
2025-07-20T01:58,0.6221809465966786
2025-07-20T01:59,0.6821809465966808
2025-07-20T02:00,0.7021809465966768
2025-07-20T02:01,0.742180946596676
2025-07-20T02:02,0.7721809465966771
2025-07-20T02:03,0.7821809465966751
2025-07-20T02:04,0.8121809465966763
2025-07-20T02:05,0.8421809465966774
2025-07-20T02:06,0.8321809465966794
2025-07-20T02:07,0.8521809465966754
2025-07-20T02:08,0.8421809465966774
2025-07-20T02:09,0.8921809465966817
2025-07-20T02:10,0.9021809465966797
2025-07-20T02:11,0.9021809465966797
2025-07-20T02:12,0.9421809465966788
2025-07-20T02:13,0.97218094659668
2025-07-20T02:14,0.97218094659668
2025-07-20T02:15,1.0121809465966791
2025-07-20T02:16,1.002180946596681
2025-07-20T02:17,0.8321809465966794
2025-07-20T02:18,0.6221809465966786
2025-07-20T02:19,0.4021809465966797
2025-07-20T02:20,0.242180946596676
2025-07-20T02:21,0.10218094659667543
2025-07-20T02:22,-0.027819053403320027
2025-07-20T02:23,-0.12781905340332145
2025-07-20T02:24,-0.19781905340332173
2025-07-20T02:25,-0.27781905340332
2025-07-20T02:26,-0.3478190534033203
2025-07-20T02:27,-0.37781905340332145
2025-07-20T02:28,-0.45781905340331974
2025-07-20T02:29,-0.4878190534033209
2025-07-20T02:30,-0.5378190534033251
2025-07-20T02:31,-0.5478190534033232
2025-07-20T02:32,-0.5778190534033243
2025-07-20T02:33,-0.5878190534033223
2025-07-20T02:34,-0.6278190534033214
2025-07-20T02:35,-0.6478190534033246
2025-07-20T02:36,-0.6178190534033234
2025-07-20T02:37,-0.5578190534033212
2025-07-20T02:38,-0.4878190534033209
2025-07-20T02:39,-0.4378190534033237
2025-07-20T02:40,-0.3978190534033246
2025-07-20T02:41,-0.3378190534033223
2025-07-20T02:42,-0.30781905340332116
2025-07-20T02:43,-0.29781905340332315
2025-07-20T02:44,-0.29781905340332315
2025-07-20T02:45,-0.27781905340332
2025-07-20T02:46,-0.27781905340332
2025-07-20T02:47,-0.27781905340332
2025-07-20T02:48,-0.27781905340332
2025-07-20T02:49,-0.28781905340332514
2025-07-20T02:50,-0.27781905340332
2025-07-20T02:51,-0.29781905340332315
2025-07-20T02:52,-0.27781905340332
2025-07-20T02:53,-0.27781905340332
2025-07-20T02:54,-0.30781905340332116
2025-07-20T02:55,-0.27781905340332
2025-07-20T02:56,-0.27781905340332
2025-07-20T02:57,-0.28781905340332514
2025-07-20T02:58,-0.3478190534033203
2025-07-20T02:59,-0.36781905340332344
2025-07-20T03:00,-0.3178190534033192
2025-07-20T03:01,-0.22781905340332287
2025-07-20T03:02,-0.15781905340332258
2025-07-20T03:03,-0.05781905340332116
2025-07-20T03:04,-0.027819053403320027
2025-07-20T03:05,0.04218094659668026
2025-07-20T03:06,0.05218094659667827
2025-07-20T03:07,0.11218094659668054
2025-07-20T03:08,0.13218094659667656
2025-07-20T03:09,0.1521809465966797
2025-07-20T03:10,0.1621809465966777
2025-07-20T03:11,0.09218094659667742
2025-07-20T03:12,-0.017819053403322016
2025-07-20T03:13,-0.10781905340331832
2025-07-20T03:14,-0.1678190534033206
2025-07-20T03:15,-0.22781905340332287
2025-07-20T03:16,-0.2478190534033189
2025-07-20T03:17,-0.2478190534033189
2025-07-20T03:18,-0.257819053403324
2025-07-20T03:19,-0.2478190534033189
2025-07-20T03:20,-0.22781905340332287
2025-07-20T03:21,-0.19781905340332173
2025-07-20T03:22,-0.19781905340332173
2025-07-20T03:23,-0.2478190534033189
2025-07-20T03:24,-0.3178190534033192
2025-07-20T03:25,-0.3578190534033183
2025-07-20T03:26,-0.37781905340332145
2025-07-20T03:27,-0.3978190534033246
2025-07-20T03:28,-0.3478190534033203
2025-07-20T03:29,-0.3178190534033192
2025-07-20T03:30,-0.267819053403322
2025-07-20T03:31,-0.23781905340332088
2025-07-20T03:32,-0.22781905340332287
2025-07-20T03:33,-0.2478190534033189
2025-07-20T03:34,-0.27781905340332
2025-07-20T03:35,-0.3278190534033243
2025-07-20T03:36,-0.37781905340332145
2025-07-20T03:37,-0.36781905340332344
2025-07-20T03:38,-0.38781905340331946
2025-07-20T03:39,-0.44781905340332173
2025-07-20T03:40,-0.45781905340331974
2025-07-20T03:41,-0.4278190534033186
2025-07-20T03:42,-0.4078190534033226
2025-07-20T03:43,-0.37781905340332145
2025-07-20T03:44,-0.29781905340332315
2025-07-20T03:45,-0.22781905340332287
2025-07-20T03:46,-0.1678190534033206
2025-07-20T03:47,-0.09781905340332031
2025-07-20T03:48,-0.03781905340332514
2025-07-20T03:49,-0.04781905340332315
2025-07-20T03:50,0.0021809465966811103
2025-07-20T03:51,0.02218094659667713
2025-07-20T03:52,0.0821809465966794
2025-07-20T03:53,0.09218094659667742
2025-07-20T03:54,0.11218094659668054
2025-07-20T03:55,0.13218094659667656
2025-07-20T03:56,0.19218094659667884
2025-07-20T03:57,0.22218094659667997
2025-07-20T03:58,0.2621809465966791
2025-07-20T03:59,0.30218094659667827
2025-07-20T04:00,0.3321809465966794
2025-07-20T04:01,0.3221809465966814
2025-07-20T04:02,0.3121809465966763
2025-07-20T04:03,0.3121809465966763
2025-07-20T04:04,0.29218094659668026
2025-07-20T04:05,0.28218094659667514
2025-07-20T04:06,0.28218094659667514
2025-07-20T04:07,0.30218094659667827
2025-07-20T04:08,0.30218094659667827
2025-07-20T04:09,0.3421809465966774
2025-07-20T04:10,0.36218094659668054
2025-07-20T04:11,0.3921809465966817
2025-07-20T04:12,0.3921809465966817
2025-07-20T04:13,0.36218094659668054
2025-07-20T04:14,0.27218094659667713
2025-07-20T04:15,0.22218094659667997
2025-07-20T04:16,0.19218094659667884
2025-07-20T04:17,0.13218094659667656
2025-07-20T04:18,0.13218094659667656
2025-07-20T04:19,0.19218094659667884
2025-07-20T04:20,0.20218094659667685
2025-07-20T04:21,0.23218094659667798
2025-07-20T04:22,0.2621809465966791
2025-07-20T04:23,0.30218094659667827
2025-07-20T04:24,0.3521809465966754
2025-07-20T04:25,0.37218094659667855
2025-07-20T04:26,0.4021809465966797
2025-07-20T04:27,0.44218094659667884
2025-07-20T04:28,0.5121809465966791
2025-07-20T04:29,0.5221809465966771
2025-07-20T04:30,0.5521809465966783
2025-07-20T04:31,0.5821809465966794
2025-07-20T04:32,0.5521809465966783
2025-07-20T04:33,0.5221809465966771
2025-07-20T04:34,0.5421809465966803
2025-07-20T04:35,0.5421809465966803
2025-07-20T04:36,0.5321809465966751
2025-07-20T04:37,0.5321809465966751
2025-07-20T04:38,0.5621809465966763
2025-07-20T04:39,0.482180946596678
2025-07-20T04:40,0.45218094659667685
2025-07-20T04:41,0.4121809465966777
2025-07-20T04:42,0.46218094659667486
2025-07-20T04:43,0.3321809465966794
2025-07-20T04:44,0.23218094659667798
2025-07-20T04:45,0.20218094659667685
2025-07-20T04:46,0.20218094659667685
2025-07-20T04:47,0.2521809465966811
2025-07-20T04:48,0.28218094659667514
2025-07-20T04:49,0.29218094659668026
2025-07-20T04:50,0.3221809465966814
2025-07-20T04:51,0.18218094659668083
2025-07-20T04:52,0.1521809465966797
2025-07-20T04:53,0.13218094659667656
2025-07-20T04:54,0.10218094659667543
2025-07-20T04:55,0.04218094659668026
2025-07-20T04:56,0.06218094659667628
2025-07-20T04:57,0.0821809465966794
2025-07-20T04:58,0.04218094659668026
2025-07-20T04:59,0.0821809465966794
2025-07-20T05:00,0.1621809465966777
2025-07-20T05:01,0.242180946596676
2025-07-20T05:02,0.27218094659667713
2025-07-20T05:03,0.28218094659667514
2025-07-20T05:04,0.10218094659667543
2025-07-20T05:05,-0.2478190534033189
2025-07-20T05:06,-0.4878190534033209
2025-07-20T05:07,-0.5878190534033223
2025-07-20T05:08,-0.5578190534033212
2025-07-20T05:09,-0.44781905340332173
2025-07-20T05:10,-0.3578190534033183
2025-07-20T05:11,-0.2478190534033189
2025-07-20T05:12,-0.19781905340332173
2025-07-20T05:13,-0.09781905340332031
2025-07-20T05:14,-0.05781905340332116
2025-07-20T05:15,-0.12781905340332145
2025-07-20T05:16,-0.20781905340331974
2025-07-20T05:17,-0.257819053403324
2025-07-20T05:18,-0.27781905340332
2025-07-20T05:19,-0.3178190534033192
2025-07-20T05:20,-0.3578190534033183
2025-07-20T05:21,-0.3378190534033223
2025-07-20T05:22,-0.29781905340332315
2025-07-20T05:23,-0.23781905340332088
2025-07-20T05:24,-0.1678190534033206
2025-07-20T05:25,-0.05781905340332116
2025-07-20T05:26,0.02218094659667713
2025-07-20T05:27,0.09218094659667742
2025-07-20T05:28,0.1521809465966797
2025-07-20T05:29,0.19218094659667884
2025-07-20T05:30,0.1621809465966777
2025-07-20T05:31,0.11218094659668054
2025-07-20T05:32,0.11218094659668054
2025-07-20T05:33,0.13218094659667656
2025-07-20T05:34,0.20218094659667685
2025-07-20T05:35,0.22218094659667997
2025-07-20T05:36,0.12218094659667855
2025-07-20T05:37,0.01218094659667912
2025-07-20T05:38,-0.027819053403320027
2025-07-20T05:39,-0.017819053403322016
2025-07-20T05:40,-0.017819053403322016
2025-07-20T05:41,-0.017819053403322016
2025-07-20T05:42,-0.027819053403320027
2025-07-20T05:43,-0.04781905340332315
2025-07-20T05:44,-0.10781905340331832
2025-07-20T05:45,-0.21781905340332486
2025-07-20T05:46,-0.46781905340332486
2025-07-20T05:47,-0.6978190534033217
2025-07-20T05:48,-0.8478190534033203
2025-07-20T05:49,-1.0978190534033203
2025-07-20T05:50,-1.2378190534033209
2025-07-20T05:51,-1.3478190534033203
2025-07-20T05:52,-1.4178190534033206
2025-07-20T05:53,-1.4278190534033186
2025-07-20T05:54,-1.4678190534033249
2025-07-20T05:55,-1.5778190534033243
2025-07-20T05:56,-1.7278190534033229
2025-07-20T05:57,-2.02781905340332
2025-07-20T05:58,-2.1978190534033217
2025-07-20T05:59,-2.27781905340332
2025-07-20T06:00,-2.5078190534033205
2025-07-20T06:01,-2.5678190534033227
2025-07-20T06:02,-2.727819053403323
2025-07-20T06:03,-2.9478190534033217
2025-07-20T06:04,-2.8778190534033214
2025-07-20T06:05,-2.7578190534033205
2025-07-20T06:06,-2.677819053403322
2025-07-20T06:07,-2.6678190534033206
2025-07-20T06:08,-2.6278190534033214
2025-07-20T06:09,-2.5778190534033207
2025-07-20T06:10,-2.52781905340332
2025-07-20T06:11,-2.4478190534033217
2025-07-20T06:12,-2.487819053403321
2025-07-20T06:13,-2.4478190534033217
2025-07-20T06:14,-2.4478190534033217
2025-07-20T06:15,-2.4578190534033233
2025-07-20T06:16,-2.4178190534033206
2025-07-20T06:17,-2.5078190534033205
2025-07-20T06:18,-2.607819053403322
2025-07-20T06:19,-2.6978190534033217
2025-07-20T06:20,-2.77781905340332
2025-07-20T06:21,-2.807819053403321
2025-07-20T06:22,-2.8778190534033214
2025-07-20T06:23,-3.0078190534033205
2025-07-20T06:24,-3.0878190534033223
2025-07-20T06:25,-3.0978190534033203
2025-07-20T06:26,-3.02781905340332
2025-07-20T06:27,-3.237819053403321
2025-07-20T06:28,-3.487819053403321
2025-07-20T06:29,-3.5878190534033223
2025-07-20T06:30,-3.6678190534033206
2025-07-20T06:31,-3.68781905340332
2025-07-20T06:32,-3.6278190534033214
2025-07-20T06:33,-3.557819053403321
2025-07-20T06:34,-3.477819053403323
2025-07-20T06:35,-3.387819053403323
2025-07-20T06:36,-3.297819053403323
2025-07-20T06:37,-3.18781905340332
2025-07-20T06:38,-3.0378190534033216
2025-07-20T06:39,-2.987819053403321
2025-07-20T06:40,-2.977819053403323
2025-07-20T06:41,-2.887819053403323
2025-07-20T06:42,-2.8278190534033207
2025-07-20T06:43,-2.68781905340332
2025-07-20T06:44,-2.52781905340332
2025-07-20T06:45,-2.387819053403323
2025-07-20T06:46,-2.2478190534033224
2025-07-20T06:47,-2.0878190534033223
2025-07-20T06:48,-1.9278190534033186
2025-07-20T06:49,-1.77781905340332
2025-07-20T06:50,-1.6278190534033214
2025-07-20T06:51,-1.52781905340332
2025-07-20T06:52,-1.4078190534033226
2025-07-20T06:53,-1.3478190534033203
2025-07-20T06:54,-1.3078190534033212
2025-07-20T06:55,-1.257819053403324
2025-07-20T06:56,-1.2078190534033197
2025-07-20T06:57,-1.1878190534033237
2025-07-20T06:58,-1.1278190534033214
2025-07-20T06:59,-1.1478190534033246
2025-07-20T07:00,-1.4678190534033249
2025-07-20T07:01,-1.6678190534033206
2025-07-20T07:02,-1.767819053403322
2025-07-20T07:03,-1.8178190534033192
2025-07-20T07:04,-1.8778190534033214
2025-07-20T07:05,-1.9078190534033226
2025-07-20T07:06,-1.9678190534033213
2025-07-20T07:07,-2.02781905340332
2025-07-20T07:08,-2.057819053403321
2025-07-20T07:09,-2.0378190534033216
2025-07-20T07:10,-1.9578190534033233
2025-07-20T07:11,-1.8778190534033214
2025-07-20T07:12,-1.8678190534033234
2025-07-20T07:13,-1.8478190534033203
2025-07-20T07:14,-1.8478190534033203
2025-07-20T07:15,-1.8278190534033243
2025-07-20T07:16,-1.8178190534033192
2025-07-20T07:17,-1.8078190534033212
2025-07-20T07:18,-1.8378190534033223
2025-07-20T07:19,-1.8778190534033214
2025-07-20T07:20,-1.8878190534033195
2025-07-20T07:21,-1.8078190534033212
2025-07-20T07:22,-1.7278190534033229
2025-07-20T07:23,-1.6678190534033206
2025-07-20T07:24,-1.5878190534033223
2025-07-20T07:25,-1.5378190534033251
2025-07-20T07:26,-1.4478190534033217
2025-07-20T07:27,-1.3378190534033223
2025-07-20T07:28,-1.257819053403324
2025-07-20T07:29,-1.1978190534033217
2025-07-20T07:30,-1.1378190534033195
2025-07-20T07:31,-1.1278190534033214
2025-07-20T07:32,-1.0978190534033203
2025-07-20T07:33,-1.0978190534033203
2025-07-20T07:34,-1.1678190534033206
2025-07-20T07:35,-1.2078190534033197
2025-07-20T07:36,-1.257819053403324
2025-07-20T07:37,-1.3678190534033234
2025-07-20T07:38,-1.3478190534033203
2025-07-20T07:39,-1.3378190534033223
2025-07-20T07:40,-1.4478190534033217
2025-07-20T07:41,-1.5578190534033212
2025-07-20T07:42,-1.6678190534033206
2025-07-20T07:43,-1.5878190534033223
2025-07-20T07:44,-1.4178190534033206
2025-07-20T07:45,-1.247819053403319
2025-07-20T07:46,-1.02781905340332
2025-07-20T07:47,-0.8678190534033234
2025-07-20T07:48,-0.8378190534033223
2025-07-20T07:49,-0.8778190534033214
2025-07-20T07:50,-0.9478190534033217
2025-07-20T07:51,-0.9878190534033209
2025-07-20T07:52,-1.007819053403324
2025-07-20T07:53,-1.0578190534033212
2025-07-20T07:54,-1.2378190534033209
2025-07-20T07:55,-1.5478190534033232
2025-07-20T07:56,-1.7378190534033209
2025-07-20T07:57,-1.8078190534033212
2025-07-20T07:58,-1.8778190534033214
2025-07-20T07:59,-1.8478190534033203
2025-07-20T08:00,-1.747819053403319
2025-07-20T08:01,-1.747819053403319
2025-07-20T08:02,-1.757819053403324
2025-07-20T08:03,-1.7378190534033209
2025-07-20T08:04,-1.7878190534033251
2025-07-20T08:05,-1.8078190534033212
2025-07-20T08:06,-1.8078190534033212
2025-07-20T08:07,-1.6278190534033214
2025-07-20T08:08,-1.3478190534033203
2025-07-20T08:09,-1.02781905340332
2025-07-20T08:10,-0.77781905340332
2025-07-20T08:11,-0.5478190534033232
2025-07-20T08:12,-0.37781905340332145
2025-07-20T08:13,-0.3578190534033183
2025-07-20T08:14,-0.5878190534033223
2025-07-20T08:15,-0.7278190534033229
2025-07-20T08:16,-0.8178190534033192
2025-07-20T08:17,-0.9878190534033209
2025-07-20T08:18,-1.1278190534033214
2025-07-20T08:19,-1.1778190534033186
2025-07-20T08:20,-1.2278190534033229
2025-07-20T08:21,-1.2278190534033229
2025-07-20T08:22,-1.267819053403322
2025-07-20T08:23,-1.3478190534033203
2025-07-20T08:24,-1.5978190534033203
2025-07-20T08:25,-1.8978190534033246
2025-07-20T08:26,-2.0678190534033227
2025-07-20T08:27,-2.0878190534033223
2025-07-20T08:28,-2.047819053403323
2025-07-20T08:29,-1.8778190534033214
2025-07-20T08:30,-1.7078190534033197
2025-07-20T08:31,-1.5578190534033212
2025-07-20T08:32,-1.4278190534033186
2025-07-20T08:33,-1.3378190534033223
2025-07-20T08:34,-1.2978190534033232
2025-07-20T08:35,-1.3778190534033214
2025-07-20T08:36,-1.4178190534033206
2025-07-20T08:37,-1.4278190534033186
2025-07-20T08:38,-1.3478190534033203
2025-07-20T08:39,-1.247819053403319
2025-07-20T08:40,-1.1678190534033206
2025-07-20T08:41,-1.02781905340332
2025-07-20T08:42,-0.8978190534033246
2025-07-20T08:43,-0.8078190534033212
2025-07-20T08:44,-0.767819053403322
2025-07-20T08:45,-0.767819053403322
2025-07-20T08:46,-0.6678190534033206
2025-07-20T08:47,-0.5678190534033192
2025-07-20T08:48,-0.4878190534033209
2025-07-20T08:49,-0.45781905340331974
2025-07-20T08:50,-0.4878190534033209
2025-07-20T08:51,-0.6278190534033214
2025-07-20T08:52,-0.6978190534033217
2025-07-20T08:53,-0.6878190534033237
2025-07-20T08:54,-0.7378190534033209
2025-07-20T08:55,-0.7478190534033189
2025-07-20T08:56,-0.7178190534033249
2025-07-20T08:57,-0.7278190534033229
2025-07-20T08:58,-0.7378190534033209
2025-07-20T08:59,-0.77781905340332
2025-07-20T09:00,-0.6978190534033217
2025-07-20T09:01,-0.5578190534033212
2025-07-20T09:02,-0.46781905340332486
2025-07-20T09:03,-0.44781905340332173
2025-07-20T09:04,-0.3178190534033192
2025-07-20T09:05,-0.1678190534033206
2025-07-20T09:06,-0.13781905340331946
2025-07-20T09:07,-0.1678190534033206
2025-07-20T09:08,-0.20781905340331974
2025-07-20T09:09,-0.2478190534033189
2025-07-20T09:10,-0.2478190534033189
2025-07-20T09:11,-0.37781905340332145
2025-07-20T09:12,-0.5478190534033232
2025-07-20T09:13,-0.6978190534033217
2025-07-20T09:14,-0.757819053403324
2025-07-20T09:15,-0.7478190534033189
2025-07-20T09:16,-0.8278190534033243
2025-07-20T09:17,-0.767819053403322
2025-07-20T09:18,-0.6278190534033214
2025-07-20T09:19,-0.5778190534033243
2025-07-20T09:20,-0.46781905340332486
2025-07-20T09:21,-0.3378190534033223
2025-07-20T09:22,-0.267819053403322
2025-07-20T09:23,-0.27781905340332
2025-07-20T09:24,-0.3278190534033243
2025-07-20T09:25,-0.37781905340332145
2025-07-20T09:26,-0.4878190534033209
2025-07-20T09:27,-0.3378190534033223
2025-07-20T09:28,-0.3378190534033223
2025-07-20T09:29,-0.4178190534033206
2025-07-20T09:30,-0.46781905340332486
2025-07-20T09:31,-0.52781905340332
2025-07-20T09:32,-0.5578190534033212
2025-07-20T09:33,-0.6278190534033214
2025-07-20T09:34,-0.5778190534033243
2025-07-20T09:35,-0.5578190534033212
2025-07-20T09:36,-0.3978190534033246
2025-07-20T09:37,-0.2478190534033189
2025-07-20T09:38,-0.10781905340331832
2025-07-20T09:39,0.0021809465966811103
2025-07-20T09:40,0.04218094659668026
2025-07-20T09:41,0.13218094659667656
2025-07-20T09:42,0.19218094659667884
2025-07-20T09:43,0.1721809465966757
2025-07-20T09:44,0.1521809465966797
2025-07-20T09:45,0.18218094659668083
2025-07-20T09:46,0.18218094659668083
2025-07-20T09:47,0.1521809465966797
2025-07-20T09:48,0.20218094659667685
2025-07-20T09:49,0.27218094659667713
2025-07-20T09:50,0.4121809465966777
2025-07-20T09:51,0.482180946596678
2025-07-20T09:52,0.5221809465966771
2025-07-20T09:53,0.5021809465966811
2025-07-20T09:54,0.492180946596676
2025-07-20T09:55,0.47218094659668
2025-07-20T09:56,0.4321809465966808
2025-07-20T09:57,0.3321809465966794
2025-07-20T09:58,0.19218094659667884
2025-07-20T09:59,-0.007819053403324006
2025-07-20T10:00,-0.0878190534033223
2025-07-20T10:01,-0.0878190534033223
2025-07-20T10:02,-0.14781905340332457
2025-07-20T10:03,-0.12781905340332145
2025-07-20T10:04,-0.03781905340332514
2025-07-20T10:05,0.06218094659667628
2025-07-20T10:06,0.12218094659667855
2025-07-20T10:07,0.1621809465966777
2025-07-20T10:08,0.2621809465966791
2025-07-20T10:09,0.4321809465966808
2025-07-20T10:10,0.4021809465966797
2025-07-20T10:11,0.44218094659667884
2025-07-20T10:12,0.5721809465966814
2025-07-20T10:13,0.5721809465966814
2025-07-20T10:14,0.5221809465966771
2025-07-20T10:15,0.37218094659667855
2025-07-20T10:16,0.2521809465966811
2025-07-20T10:17,0.14218094659668168
2025-07-20T10:18,0.12218094659667855
2025-07-20T10:19,0.14218094659668168
2025-07-20T10:20,0.12218094659667855
2025-07-20T10:21,0.1621809465966777
2025-07-20T10:22,0.19218094659667884
2025-07-20T10:23,0.22218094659667997
2025-07-20T10:24,0.2521809465966811
2025-07-20T10:25,0.28218094659667514
2025-07-20T10:26,0.22218094659667997
2025-07-20T10:27,0.14218094659668168
2025-07-20T10:28,0.06218094659667628
2025-07-20T10:29,0.02218094659667713
2025-07-20T10:30,-0.017819053403322016
2025-07-20T10:31,-0.15781905340332258
2025-07-20T10:32,-0.37781905340332145
2025-07-20T10:33,-0.5978190534033203
2025-07-20T10:34,-0.7078190534033197
2025-07-20T10:35,-0.77781905340332
2025-07-20T10:36,-0.8378190534033223
2025-07-20T10:37,-0.8978190534033246
2025-07-20T10:38,-0.8878190534033195
2025-07-20T10:39,-0.8078190534033212
2025-07-20T10:40,-0.6278190534033214
2025-07-20T10:41,-0.507819053403324
2025-07-20T10:42,-0.3978190534033246
2025-07-20T10:43,-0.20781905340331974
2025-07-20T10:44,-0.1678190534033206
2025-07-20T10:45,-0.0878190534033223
2025-07-20T10:46,-0.04781905340332315
2025-07-20T10:47,0.02218094659667713
2025-07-20T10:48,0.0721809465966814
2025-07-20T10:49,0.0821809465966794
2025-07-20T10:50,0.0721809465966814
2025-07-20T10:51,0.05218094659667827
2025-07-20T10:52,0.10218094659667543
2025-07-20T10:53,0.19218094659667884
2025-07-20T10:54,0.3521809465966754
2025-07-20T10:55,0.5121809465966791
2025-07-20T10:56,0.72218094659668
2025-07-20T10:57,0.8121809465966763
2025-07-20T10:58,0.8821809465966766
2025-07-20T10:59,1.0221809465966771
2025-07-20T11:00,1.0821809465966794
2025-07-20T11:01,1.22218094659668
2025-07-20T11:02,1.0121809465966791
2025-07-20T11:03,0.5421809465966803
2025-07-20T11:04,0.20218094659667685
2025-07-20T11:05,0.12218094659667855
2025-07-20T11:06,0.03218094659667514
2025-07-20T11:07,-0.12781905340332145
2025-07-20T11:08,-0.27781905340332
2025-07-20T11:09,-0.23781905340332088
2025-07-20T11:10,0.05218094659667827
2025-07-20T11:11,0.23218094659667798
2025-07-20T11:12,0.01218094659667912
2025-07-20T11:13,-0.20781905340331974
2025-07-20T11:14,-0.3478190534033203
2025-07-20T11:15,-0.4178190534033206
2025-07-20T11:16,-0.46781905340332486
2025-07-20T11:17,-0.37781905340332145
2025-07-20T11:18,-0.14781905340332457
2025-07-20T11:19,0.0021809465966811103
2025-07-20T11:20,0.18218094659668083
2025-07-20T11:21,0.37218094659667855
2025-07-20T11:22,0.4021809465966797
2025-07-20T11:23,0.38218094659667656
2025-07-20T11:24,0.3121809465966763
2025-07-20T11:25,0.2621809465966791
2025-07-20T11:26,0.23218094659667798
2025-07-20T11:27,0.2621809465966791
2025-07-20T11:28,0.23218094659667798
2025-07-20T11:29,0.19218094659667884
2025-07-20T11:30,0.23218094659667798
2025-07-20T11:31,0.23218094659667798
2025-07-20T11:32,0.18218094659668083
2025-07-20T11:33,0.11218094659668054
2025-07-20T11:34,0.03218094659667514
2025-07-20T11:35,-0.09781905340332031
2025-07-20T11:36,-0.20781905340331974
2025-07-20T11:37,-0.19781905340332173
2025-07-20T11:38,-0.21781905340332486
2025-07-20T11:39,-0.18781905340332372
2025-07-20T11:40,-0.13781905340331946
2025-07-20T11:41,-0.13781905340331946
2025-07-20T11:42,-0.18781905340332372
2025-07-20T11:43,-0.1778190534033186
2025-07-20T11:44,-0.19781905340332173
2025-07-20T11:45,-0.1778190534033186
2025-07-20T11:46,-0.15781905340332258
2025-07-20T11:47,-0.13781905340331946
2025-07-20T11:48,-0.18781905340332372
2025-07-20T11:49,-0.27781905340332
2025-07-20T11:50,-0.36781905340332344
2025-07-20T11:51,-0.507819053403324
2025-07-20T11:52,-0.6278190534033214
2025-07-20T11:53,-0.6278190534033214
2025-07-20T11:54,-0.52781905340332
2025-07-20T11:55,-0.3478190534033203
2025-07-20T11:56,-0.15781905340332258
2025-07-20T11:57,0.13218094659667656
2025-07-20T11:58,0.4021809465966797
2025-07-20T11:59,0.5521809465966783
2025-07-20T12:00,0.6521809465966797
2025-07-20T12:01,0.72218094659668
2025-07-20T12:02,0.8321809465966794
2025-07-20T12:03,0.8421809465966774
2025-07-20T12:04,0.7921809465966803
2025-07-20T12:05,0.7521809465966811
2025-07-20T12:06,0.6521809465966797
2025-07-20T12:07,0.5721809465966814
2025-07-20T12:08,0.5221809465966771
2025-07-20T12:09,0.4121809465966777
2025-07-20T12:10,0.30218094659667827
2025-07-20T12:11,0.18218094659668083
2025-07-20T12:12,-0.027819053403320027
2025-07-20T12:13,-0.18781905340332372
2025-07-20T12:14,-0.3378190534033223
2025-07-20T12:15,-0.507819053403324
2025-07-20T12:16,-0.46781905340332486
2025-07-20T12:17,-0.4178190534033206
2025-07-20T12:18,-0.4978190534033189
2025-07-20T12:19,-0.507819053403324
2025-07-20T12:20,-0.267819053403322
2025-07-20T12:21,-0.09781905340332031
2025-07-20T12:22,0.0021809465966811103
2025-07-20T12:23,0.02218094659667713
2025-07-20T12:24,-0.10781905340331832
2025-07-20T12:25,-0.257819053403324
2025-07-20T12:26,-0.3278190534033243
2025-07-20T12:27,-0.23781905340332088
2025-07-20T12:28,-0.09781905340332031
2025-07-20T12:29,-0.09781905340332031
2025-07-20T12:30,-0.11781905340332344
2025-07-20T12:31,-0.03781905340332514
2025-07-20T12:32,-0.007819053403324006
2025-07-20T12:33,-0.017819053403322016
2025-07-20T12:34,0.02218094659667713
2025-07-20T12:35,0.21218094659667486
2025-07-20T12:36,0.3321809465966794
2025-07-20T12:37,0.3121809465966763
2025-07-20T12:38,0.19218094659667884
2025-07-20T12:39,0.06218094659667628
2025-07-20T12:40,-0.03781905340332514
2025-07-20T12:41,0.01218094659667912
2025-07-20T12:42,0.14218094659668168
2025-07-20T12:43,0.28218094659667514
2025-07-20T12:44,0.3921809465966817
2025-07-20T12:45,0.36218094659668054
2025-07-20T12:46,0.28218094659667514
2025-07-20T12:47,0.22218094659667997
2025-07-20T12:48,0.1721809465966757
2025-07-20T12:49,0.12218094659667855
2025-07-20T12:50,0.0721809465966814
2025-07-20T12:51,0.11218094659668054
2025-07-20T12:52,0.09218094659667742
2025-07-20T12:53,0.05218094659667827
2025-07-20T12:54,-0.027819053403320027
2025-07-20T12:55,-0.20781905340331974
2025-07-20T12:56,-0.3378190534033223
2025-07-20T12:57,-0.3578190534033183
2025-07-20T12:58,-0.3478190534033203
2025-07-20T12:59,-0.3478190534033203
2025-07-20T13:00,-0.37781905340332145
2025-07-20T13:01,-0.3478190534033203
2025-07-20T13:02,-0.27781905340332
2025-07-20T13:03,-0.1678190534033206
2025-07-20T13:04,-0.09781905340332031
2025-07-20T13:05,-0.03781905340332514
2025-07-20T13:06,0.1721809465966757
2025-07-20T13:07,0.3921809465966817
2025-07-20T13:08,0.6121809465966805
2025-07-20T13:09,0.6221809465966786
2025-07-20T13:10,0.5321809465966751
2025-07-20T13:11,0.44218094659667884
2025-07-20T13:12,0.3921809465966817
2025-07-20T13:13,0.2621809465966791
2025-07-20T13:14,0.12218094659667855
2025-07-20T13:15,0.02218094659667713
2025-07-20T13:16,-0.05781905340332116
2025-07-20T13:17,-0.0878190534033223
2025-07-20T13:18,-0.04781905340332315
2025-07-20T13:19,-0.017819053403322016
2025-07-20T13:20,0.01218094659667912
2025-07-20T13:21,0.05218094659667827
2025-07-20T13:22,0.0721809465966814
2025-07-20T13:23,0.0721809465966814
2025-07-20T13:24,0.05218094659667827
2025-07-20T13:25,0.04218094659668026
2025-07-20T13:26,0.03218094659667514
2025-07-20T13:27,0.04218094659668026
2025-07-20T13:28,0.0821809465966794
2025-07-20T13:29,0.12218094659667855
2025-07-20T13:30,0.1521809465966797
2025-07-20T13:31,0.18218094659668083
2025-07-20T13:32,0.27218094659667713
2025-07-20T13:33,0.22218094659667997
2025-07-20T13:34,0.19218094659667884
2025-07-20T13:35,0.18218094659668083
2025-07-20T13:36,0.20218094659667685
2025-07-20T13:37,0.23218094659667798
2025-07-20T13:38,0.22218094659667997
2025-07-20T13:39,0.19218094659667884
2025-07-20T13:40,0.20218094659667685
2025-07-20T13:41,0.22218094659667997
2025-07-20T13:42,0.27218094659667713
2025-07-20T13:43,0.0821809465966794
2025-07-20T13:44,-0.12781905340332145
2025-07-20T13:45,-0.3178190534033192
2025-07-20T13:46,-0.4878190534033209
2025-07-20T13:47,-0.6078190534033183
2025-07-20T13:48,-0.7378190534033209
2025-07-20T13:49,-0.7878190534033251
2025-07-20T13:50,-0.8278190534033243
2025-07-20T13:51,-0.8778190534033214
2025-07-20T13:52,-0.9078190534033226
2025-07-20T13:53,-0.8878190534033195
2025-07-20T13:54,-0.8578190534033183
2025-07-20T13:55,-0.8178190534033192
2025-07-20T13:56,-0.8178190534033192
2025-07-20T13:57,-0.77781905340332
2025-07-20T13:58,-0.8378190534033223
2025-07-20T13:59,-0.8778190534033214
2025-07-20T14:00,-0.8478190534033203
2025-07-20T14:01,-0.8978190534033246
2025-07-20T14:02,-0.6978190534033217
2025-07-20T14:03,-0.44781905340332173
2025-07-20T14:04,-0.27781905340332
2025-07-20T14:05,-0.11781905340332344
2025-07-20T14:06,0.0021809465966811103
2025-07-20T14:07,-0.09781905340332031
2025-07-20T14:08,-0.18781905340332372
2025-07-20T14:09,-0.1778190534033186
2025-07-20T14:10,0.0021809465966811103
2025-07-20T14:11,0.10218094659667543
2025-07-20T14:12,0.12218094659667855
2025-07-20T14:13,0.01218094659667912
2025-07-20T14:14,-0.1778190534033186
2025-07-20T14:15,-0.36781905340332344
2025-07-20T14:16,-0.52781905340332
2025-07-20T14:17,-0.6278190534033214
2025-07-20T14:18,-0.6878190534033237
2025-07-20T14:19,-0.7178190534033249
2025-07-20T14:20,-0.7078190534033197
2025-07-20T14:21,-0.7178190534033249
2025-07-20T14:22,-0.6978190534033217
2025-07-20T14:23,-0.7178190534033249
2025-07-20T14:24,-0.6978190534033217
2025-07-20T14:25,-0.7178190534033249
2025-07-20T14:26,-0.6978190534033217
2025-07-20T14:27,-0.7378190534033209
2025-07-20T14:28,-0.77781905340332
2025-07-20T14:29,-0.7378190534033209
2025-07-20T14:30,-0.7078190534033197
2025-07-20T14:31,-0.6678190534033206
2025-07-20T14:32,-0.6378190534033195
2025-07-20T14:33,-0.6078190534033183
2025-07-20T14:34,-0.5978190534033203
2025-07-20T14:35,-0.5378190534033251
2025-07-20T14:36,-0.44781905340332173
2025-07-20T14:37,-0.4178190534033206
2025-07-20T14:38,-0.27781905340332
2025-07-20T14:39,-0.20781905340331974
2025-07-20T14:40,-0.1678190534033206
2025-07-20T14:41,-0.09781905340332031
2025-07-20T14:42,-0.05781905340332116
2025-07-20T14:43,-0.05781905340332116
2025-07-20T14:44,-0.04781905340332315
2025-07-20T14:45,-0.14781905340332457
2025-07-20T14:46,-0.30781905340332116
2025-07-20T14:47,-0.44781905340332173
2025-07-20T14:48,-0.52781905340332
2025-07-20T14:49,-0.4978190534033189
2025-07-20T14:50,-0.4178190534033206
2025-07-20T14:51,-0.3478190534033203
2025-07-20T14:52,-0.30781905340332116
2025-07-20T14:53,-0.3178190534033192
2025-07-20T14:54,-0.3478190534033203
2025-07-20T14:55,-0.44781905340332173
2025-07-20T14:56,-0.507819053403324
2025-07-20T14:57,-0.5778190534033243
2025-07-20T14:58,-0.6178190534033234
2025-07-20T14:59,-0.5578190534033212
2025-07-20T15:00,-0.5478190534033232
2025-07-20T15:01,-0.507819053403324
2025-07-20T15:02,-0.4878190534033209
2025-07-20T15:03,-0.517819053403322
2025-07-20T15:04,-0.5578190534033212
2025-07-20T15:05,-0.5778190534033243
2025-07-20T15:06,-0.6678190534033206
2025-07-20T15:07,-0.6778190534033186
2025-07-20T15:08,-0.6678190534033206
2025-07-20T15:09,-0.6878190534033237
2025-07-20T15:10,-0.7378190534033209
2025-07-20T15:11,-0.8078190534033212
2025-07-20T15:12,-0.7978190534033232
2025-07-20T15:13,-0.6078190534033183
2025-07-20T15:14,-0.3478190534033203
2025-07-20T15:15,-0.07781905340332429
2025-07-20T15:16,0.09218094659667742
2025-07-20T15:17,0.19218094659667884
2025-07-20T15:18,0.22218094659667997
2025-07-20T15:19,0.20218094659667685
2025-07-20T15:20,0.22218094659667997
2025-07-20T15:21,0.22218094659667997
2025-07-20T15:22,0.22218094659667997
2025-07-20T15:23,0.2621809465966791
2025-07-20T15:24,0.2621809465966791
2025-07-20T15:25,0.22218094659667997
2025-07-20T15:26,0.19218094659667884
2025-07-20T15:27,0.14218094659668168
2025-07-20T15:28,-0.10781905340331832
2025-07-20T15:29,-0.38781905340331946
2025-07-20T15:30,-0.8078190534033212
2025-07-20T15:31,-1.1178190534033234
2025-07-20T15:32,-1.3078190534033212
2025-07-20T15:33,-1.4078190534033226
2025-07-20T15:34,-1.4178190534033206
2025-07-20T15:35,-1.3778190534033214
2025-07-20T15:36,-1.3478190534033203
2025-07-20T15:37,-1.3378190534033223
2025-07-20T15:38,-1.4478190534033217
2025-07-20T15:39,-1.6178190534033234
2025-07-20T15:40,-1.6978190534033217
2025-07-20T15:41,-1.7078190534033197
2025-07-20T15:42,-1.757819053403324
2025-07-20T15:43,-1.8078190534033212
2025-07-20T15:44,-1.8878190534033195
2025-07-20T15:45,-1.8978190534033246
2025-07-20T15:46,-1.8178190534033192
2025-07-20T15:47,-1.6978190534033217
2025-07-20T15:48,-1.5478190534033232
2025-07-20T15:49,-1.4378190534033237
2025-07-20T15:50,-1.3478190534033203
2025-07-20T15:51,-1.1878190534033237
2025-07-20T15:52,-1.1578190534033226
2025-07-20T15:53,-1.1078190534033183
2025-07-20T15:54,-1.0778190534033243
2025-07-20T15:55,-1.0378190534033251
2025-07-20T15:56,-0.9578190534033197
2025-07-20T15:57,-0.8578190534033183
2025-07-20T15:58,-0.8678190534033234
2025-07-20T15:59,-0.8378190534033223
2025-07-20T16:00,-0.757819053403324
2025-07-20T16:01,-0.6878190534033237
2025-07-20T16:02,-0.5678190534033192
2025-07-20T16:03,-0.4878190534033209
2025-07-20T16:04,-0.4078190534033226
2025-07-20T16:05,-0.517819053403322
2025-07-20T16:06,-0.7178190534033249
2025-07-20T16:07,-0.6478190534033246
2025-07-20T16:08,-0.4978190534033189
2025-07-20T16:09,-0.5678190534033192
2025-07-20T16:10,-0.7278190534033229
2025-07-20T16:11,-0.8978190534033246
2025-07-20T16:12,-1.1578190534033226
2025-07-20T16:13,-1.017819053403322
2025-07-20T16:14,-0.9378190534033237
2025-07-20T16:15,-0.8578190534033183
2025-07-20T16:16,-0.7478190534033189
2025-07-20T16:17,-0.6678190534033206
2025-07-20T16:18,-0.5878190534033223
2025-07-20T16:19,-0.4878190534033209
2025-07-20T16:20,-0.4178190534033206
2025-07-20T16:21,-0.30781905340332116
2025-07-20T16:22,-0.20781905340331974
2025-07-20T16:23,-0.07781905340332429
2025-07-20T16:24,-0.027819053403320027
2025-07-20T16:25,0.01218094659667912
2025-07-20T16:26,0.04218094659668026
2025-07-20T16:27,0.12218094659667855
2025-07-20T16:28,0.1721809465966757
2025-07-20T16:29,0.23218094659667798
2025-07-20T16:30,0.22218094659667997
2025-07-20T16:31,0.2621809465966791
2025-07-20T16:32,0.30218094659667827
2025-07-20T16:33,0.28218094659667514
2025-07-20T16:34,0.29218094659668026
2025-07-20T16:35,0.30218094659667827
2025-07-20T16:36,0.4221809465966757
2025-07-20T16:37,0.47218094659668
2025-07-20T16:38,0.5621809465966763
2025-07-20T16:39,0.5221809465966771
2025-07-20T16:40,0.5021809465966811
2025-07-20T16:41,0.44218094659667884
2025-07-20T16:42,0.4221809465966757
2025-07-20T16:43,0.46218094659667486
2025-07-20T16:44,0.47218094659668
2025-07-20T16:45,0.44218094659667884
2025-07-20T16:46,0.4321809465966808
2025-07-20T16:47,0.4121809465966777
2025-07-20T16:48,0.4221809465966757
2025-07-20T16:49,0.44218094659667884
2025-07-20T16:50,0.47218094659668
2025-07-20T16:51,0.5021809465966811
2025-07-20T16:52,0.5121809465966791
2025-07-20T16:53,0.5421809465966803
2025-07-20T16:54,0.5821809465966794
2025-07-20T16:55,0.6021809465966754
2025-07-20T16:56,0.6221809465966786
2025-07-20T16:57,0.6221809465966786
2025-07-20T16:58,0.6521809465966797
2025-07-20T16:59,0.6821809465966808
2025-07-20T17:00,0.6921809465966788
2025-07-20T17:01,0.6921809465966788
2025-07-20T17:02,0.6921809465966788
2025-07-20T17:03,0.72218094659668
2025-07-20T17:04,0.72218094659668
2025-07-20T17:05,0.7721809465966771
2025-07-20T17:06,0.72218094659668
2025-07-20T17:07,0.6721809465966757
2025-07-20T17:08,0.6121809465966805
2025-07-20T17:09,0.5821809465966794
2025-07-20T17:10,0.6121809465966805
2025-07-20T17:11,0.6221809465966786
2025-07-20T17:12,0.6521809465966797
2025-07-20T17:13,0.6221809465966786
2025-07-20T17:14,0.6321809465966766
2025-07-20T17:15,0.6321809465966766
2025-07-20T17:16,0.6321809465966766
2025-07-20T17:17,0.6321809465966766
2025-07-20T17:18,0.5921809465966774
2025-07-20T17:19,0.5921809465966774
2025-07-20T17:20,0.5921809465966774
2025-07-20T17:21,0.6021809465966754
2025-07-20T17:22,0.5821809465966794
2025-07-20T17:23,0.6221809465966786
2025-07-20T17:24,0.6221809465966786
2025-07-20T17:25,0.5921809465966774
2025-07-20T17:26,0.6021809465966754
2025-07-20T17:27,0.6121809465966805
2025-07-20T17:28,0.6221809465966786
2025-07-20T17:29,0.6021809465966754
2025-07-20T17:30,0.6121809465966805
2025-07-20T17:31,0.6121809465966805
2025-07-20T17:32,0.6321809465966766
2025-07-20T17:33,0.6221809465966786
2025-07-20T17:34,0.6421809465966817
2025-07-20T17:35,0.6321809465966766
2025-07-20T17:36,0.6321809465966766
2025-07-20T17:37,0.6221809465966786
2025-07-20T17:38,0.6221809465966786
2025-07-20T17:39,0.6321809465966766
2025-07-20T17:40,0.6221809465966786
2025-07-20T17:41,0.5721809465966814
2025-07-20T17:42,0.5521809465966783
2025-07-20T17:43,0.5521809465966783
2025-07-20T17:44,0.5521809465966783
2025-07-20T17:45,0.5821809465966794
2025-07-20T17:46,0.6021809465966754
2025-07-20T17:47,0.6121809465966805
2025-07-20T17:48,0.5921809465966774
2025-07-20T17:49,0.6221809465966786
2025-07-20T17:50,0.6321809465966766
2025-07-20T17:51,0.6321809465966766
2025-07-20T17:52,0.6521809465966797
2025-07-20T17:53,0.6021809465966754
2025-07-20T17:54,0.6321809465966766
2025-07-20T17:55,0.6321809465966766
2025-07-20T17:56,0.6221809465966786
2025-07-20T17:57,0.6521809465966797
2025-07-20T17:58,0.6421809465966817
2025-07-20T17:59,0.6421809465966817
2025-07-20T18:00,0.6221809465966786
2025-07-20T18:01,0.6221809465966786
2025-07-20T18:02,0.6221809465966786
2025-07-20T18:03,0.5821809465966794
2025-07-20T18:04,0.5621809465966763
2025-07-20T18:05,0.5521809465966783
2025-07-20T18:06,0.5221809465966771
2025-07-20T18:07,0.5221809465966771
2025-07-20T18:08,0.482180946596678
2025-07-20T18:09,0.492180946596676
2025-07-20T18:10,0.46218094659667486
2025-07-20T18:11,0.46218094659667486
2025-07-20T18:12,0.47218094659668
2025-07-20T18:13,0.47218094659668
2025-07-20T18:14,0.47218094659668
2025-07-20T18:15,0.45218094659667685
2025-07-20T18:16,0.4021809465966797
2025-07-20T18:17,0.36218094659668054
2025-07-20T18:18,0.3321809465966794
2025-07-20T18:19,0.3121809465966763
2025-07-20T18:20,0.2621809465966791
2025-07-20T18:21,0.2521809465966811
2025-07-20T18:22,0.22218094659667997
2025-07-20T18:23,0.18218094659668083
2025-07-20T18:24,0.1521809465966797
2025-07-20T18:25,0.14218094659668168
2025-07-20T18:26,0.14218094659668168
2025-07-20T18:27,0.11218094659668054
2025-07-20T18:28,0.0821809465966794
2025-07-20T18:29,0.0821809465966794
2025-07-20T18:30,0.06218094659667628
2025-07-20T18:31,0.04218094659668026
2025-07-20T18:32,0.01218094659667912
2025-07-20T18:33,0.01218094659667912
2025-07-20T18:34,0.03218094659667514
2025-07-20T18:35,0.01218094659667912
2025-07-20T18:36,0.0021809465966811103
2025-07-20T18:37,-0.03781905340332514
2025-07-20T18:38,-0.027819053403320027
2025-07-20T18:39,-0.027819053403320027
2025-07-20T18:40,-0.03781905340332514
2025-07-20T18:41,-0.027819053403320027
2025-07-20T18:42,-0.05781905340332116
2025-07-20T18:43,-0.05781905340332116
2025-07-20T18:44,-0.10781905340331832
2025-07-20T18:45,-0.05781905340332116
2025-07-20T18:46,0.27218094659667713
2025-07-20T18:47,0.5821809465966794
2025-07-20T18:48,0.742180946596676
2025-07-20T18:49,0.242180946596676
2025-07-20T18:59,-2.8478190534033203
2025-07-20T19:20,-2.9978190534033224
2025-07-20T19:21,-2.8478190534033203
2025-07-20T19:23,-1.0578190534033212
2025-07-20T19:24,-0.7978190534033232
2025-07-20T19:25,0.3521809465966754
2025-07-20T19:26,0.482180946596678
2025-07-20T19:27,0.5921809465966774
2025-07-20T19:28,0.6921809465966788
2025-07-20T19:29,-0.6478190534033246
2025-07-20T19:32,-1.3478190534033203
2025-07-20T19:33,-0.9078190534033226
2025-07-20T19:34,-0.5978190534033203
2025-07-20T19:35,-0.507819053403324
2025-07-20T19:36,-0.4878190534033209
2025-07-20T19:37,-0.46781905340332486
2025-07-20T19:38,-0.45781905340331974
2025-07-20T19:39,-0.4878190534033209
2025-07-20T19:40,-0.4878190534033209
2025-07-20T19:41,-0.507819053403324
2025-07-20T19:42,-0.517819053403322
2025-07-20T19:43,-0.52781905340332
2025-07-20T19:44,-0.517819053403322
2025-07-20T19:45,-0.52781905340332
2025-07-20T19:46,-0.52781905340332
2025-07-20T19:47,-0.52781905340332
2025-07-20T19:48,-0.5478190534033232
2025-07-20T19:50,-0.5478190534033232
2025-07-20T19:51,-0.5478190534033232
2025-07-20T19:52,-0.5578190534033212
2025-07-20T19:53,-0.5578190534033212
2025-07-20T19:54,-0.52781905340332
2025-07-20T19:55,-0.517819053403322
2025-07-20T19:56,-0.52781905340332
2025-07-20T19:57,-0.5878190534033223
2025-07-20T19:58,-0.5778190534033243
2025-07-20T19:59,-0.5478190534033232
2025-07-20T20:00,-0.517819053403322
2025-07-20T20:01,-0.4978190534033189
2025-07-20T20:02,-0.4978190534033189
2025-07-20T20:03,-0.47781905340332287
2025-07-20T20:04,-0.47781905340332287
2025-07-20T20:05,-0.46781905340332486
2025-07-20T20:06,-0.46781905340332486
2025-07-20T20:07,-0.44781905340332173
2025-07-20T20:08,-0.4378190534033237
2025-07-20T20:09,-0.47781905340332287
2025-07-20T20:10,-0.4878190534033209
2025-07-20T20:11,-0.507819053403324
2025-07-20T20:12,-0.507819053403324
2025-07-20T20:13,-0.507819053403324
2025-07-20T20:14,-0.52781905340332
2025-07-20T20:15,-0.507819053403324
2025-07-20T20:16,-0.4878190534033209
2025-07-20T20:17,-0.46781905340332486
2025-07-20T20:18,-0.44781905340332173
2025-07-20T20:19,-0.4378190534033237
2025-07-20T20:20,-0.46781905340332486
2025-07-20T20:21,-0.47781905340332287
2025-07-20T20:22,-0.44781905340332173
2025-07-20T20:23,-0.44781905340332173
2025-07-20T20:24,-0.4378190534033237
2025-07-20T20:25,-0.4178190534033206
2025-07-20T20:26,-0.44781905340332173
2025-07-20T20:27,-0.44781905340332173
2025-07-20T20:28,-0.5378190534033251
2025-07-20T20:29,-0.4878190534033209
2025-07-20T20:30,-0.45781905340331974
2025-07-20T20:31,-0.4178190534033206
2025-07-20T20:32,-0.37781905340332145
2025-07-20T20:33,-0.30781905340332116
2025-07-20T20:34,-0.22781905340332287
2025-07-20T20:35,-0.15781905340332258
2025-07-20T20:36,-0.23781905340332088
2025-07-20T20:37,-0.21781905340332486
2025-07-20T20:38,-0.19781905340332173
2025-07-20T20:39,-0.23781905340332088
2025-07-20T20:40,-0.27781905340332
2025-07-20T20:41,-0.3378190534033223
2025-07-20T20:42,-0.3378190534033223
2025-07-20T20:43,-0.257819053403324
2025-07-20T20:44,-0.19781905340332173
2025-07-20T20:45,-0.19781905340332173
2025-07-20T20:46,-0.21781905340332486
2025-07-20T20:47,-0.27781905340332
2025-07-20T20:48,-0.30781905340332116
2025-07-20T20:49,-0.28781905340332514
2025-07-20T20:50,-0.28781905340332514
2025-07-20T20:51,-0.27781905340332
2025-07-20T20:52,-0.27781905340332
2025-07-20T20:53,-0.28781905340332514
2025-07-20T20:54,-0.3178190534033192
2025-07-20T20:55,-0.37781905340332145
2025-07-20T20:56,-0.44781905340332173
2025-07-20T20:57,-0.47781905340332287
2025-07-20T20:58,-0.4878190534033209
2025-07-20T20:59,-0.4878190534033209
2025-07-20T21:00,-0.4878190534033209
2025-07-20T21:01,-0.4878190534033209
2025-07-20T21:02,-0.45781905340331974
2025-07-20T21:03,-0.45781905340331974
2025-07-20T21:04,-0.38781905340331946
2025-07-20T21:05,-0.3478190534033203
2025-07-20T21:06,-0.30781905340332116
2025-07-20T21:07,-0.257819053403324
2025-07-20T21:08,-0.21781905340332486
2025-07-20T21:09,-0.22781905340332287
2025-07-20T21:10,-0.2478190534033189
2025-07-20T21:11,-0.257819053403324
2025-07-20T21:12,-0.257819053403324
2025-07-20T21:13,-0.27781905340332
2025-07-20T21:14,-0.28781905340332514
2025-07-20T21:15,-0.30781905340332116
2025-07-20T21:16,-0.30781905340332116
2025-07-20T21:17,-0.3278190534033243
2025-07-20T21:18,-0.4378190534033237
2025-07-20T21:19,-0.46781905340332486
2025-07-20T21:20,-0.52781905340332
2025-07-20T21:21,-0.5578190534033212
2025-07-20T21:22,-0.5578190534033212
2025-07-20T21:23,-0.5578190534033212
2025-07-20T21:24,-0.5578190534033212
2025-07-20T21:25,-0.4878190534033209
2025-07-20T21:26,-0.4878190534033209
2025-07-20T21:27,-0.4878190534033209
2025-07-20T21:28,-0.47781905340332287
2025-07-20T21:29,-0.3978190534033246
2025-07-20T21:30,-0.3478190534033203
2025-07-20T21:31,-0.3478190534033203
2025-07-20T21:32,-0.3378190534033223
2025-07-20T21:33,-0.36781905340332344
2025-07-20T21:34,-0.29781905340332315
2025-07-20T21:35,-0.3478190534033203
2025-07-20T21:36,-0.3578190534033183
2025-07-20T21:37,-0.36781905340332344
2025-07-20T21:38,-0.3378190534033223
2025-07-20T21:39,-0.3278190534033243
2025-07-20T21:40,-0.29781905340332315
2025-07-20T21:41,-0.30781905340332116
2025-07-20T21:42,-0.30781905340332116
2025-07-20T21:43,-0.30781905340332116
2025-07-20T21:44,-0.3478190534033203
2025-07-20T21:45,-0.4378190534033237
2025-07-20T21:46,-0.46781905340332486
2025-07-20T21:47,-0.4878190534033209
2025-07-20T21:48,-0.517819053403322
2025-07-20T21:49,-0.4878190534033209
2025-07-20T21:50,-0.517819053403322
2025-07-20T21:51,-0.5678190534033192
2025-07-20T21:52,-0.5978190534033203
2025-07-20T21:53,-0.6778190534033186
2025-07-20T21:54,-0.767819053403322
2025-07-20T21:55,-0.8478190534033203
2025-07-20T21:56,-0.8878190534033195
2025-07-20T21:57,-0.9378190534033237
2025-07-20T21:58,-0.9978190534033189
2025-07-20T21:59,-1.0678190534033192
2025-07-20T22:00,-1.1278190534033214
2025-07-20T22:01,-1.2078190534033197
2025-07-20T22:02,-1.3078190534033212
2025-07-20T22:03,-1.3878190534033195
2025-07-20T22:04,-1.4278190534033186
2025-07-20T22:05,-1.5478190534033232
2025-07-20T22:06,-1.6878190534033237
2025-07-20T22:07,-1.77781905340332
2025-07-20T22:08,-1.7878190534033251
2025-07-20T22:09,-1.7178190534033249
2025-07-20T22:10,-1.6478190534033246
2025-07-20T22:11,-1.6278190534033214
2025-07-20T22:12,-1.6178190534033234
2025-07-20T22:13,-1.6478190534033246
2025-07-20T22:14,-1.6878190534033237
2025-07-20T22:15,-1.6478190534033246
2025-07-20T22:16,-1.5578190534033212
2025-07-20T22:17,-1.3378190534033223
2025-07-20T22:18,-1.0778190534033243
2025-07-20T22:19,-0.8178190534033192
2025-07-20T22:20,-0.6078190534033183
2025-07-20T22:21,-0.4978190534033189
2025-07-20T22:22,-0.44781905340332173
2025-07-20T22:23,-0.36781905340332344
2025-07-20T22:24,-0.30781905340332116
2025-07-20T22:25,-0.257819053403324
2025-07-20T22:26,-0.27781905340332
2025-07-20T22:27,-0.3578190534033183
2025-07-20T22:28,-0.4078190534033226
2025-07-20T22:29,-0.44781905340332173
2025-07-20T22:30,-0.4378190534033237
2025-07-20T22:31,-0.3378190534033223
2025-07-20T22:32,-0.257819053403324
2025-07-20T22:33,-0.1678190534033206
2025-07-20T22:34,-0.10781905340331832
2025-07-20T22:35,-0.007819053403324006
2025-07-20T22:36,0.06218094659667628
2025-07-20T22:37,0.14218094659668168
2025-07-20T22:38,0.19218094659667884
2025-07-20T22:39,0.28218094659667514
2025-07-20T22:40,0.37218094659667855
2025-07-20T22:41,0.47218094659668
2025-07-20T22:42,0.5521809465966783
2025-07-20T22:43,0.6221809465966786
2025-07-20T22:44,0.6721809465966757
2025-07-20T22:45,0.742180946596676
2025-07-20T22:46,0.8021809465966783
2025-07-20T22:47,0.8621809465966805
2025-07-20T22:48,0.9021809465966797
2025-07-20T22:49,0.9421809465966788
2025-07-20T22:50,0.982180946596678
2025-07-20T22:51,1.0221809465966771
2025-07-20T22:52,1.0621809465966763
2025-07-20T22:53,1.1021809465966754
2025-07-20T22:54,1.1221809465966786
2025-07-20T22:55,1.1321809465966766
2025-07-20T22:56,1.1621809465966777
2025-07-20T22:57,1.1821809465966808
2025-07-20T22:58,1.1921809465966788
2025-07-20T22:59,1.1921809465966788
2025-07-20T23:00,1.2021809465966768
2025-07-20T23:01,1.232180946596678
2025-07-20T23:02,1.2721809465966771
2025-07-20T23:03,1.3021809465966783
2025-07-20T23:04,1.3321809465966794
2025-07-20T23:05,1.3721809465966786
2025-07-20T23:06,1.4221809465966757
2025-07-20T23:07,1.4421809465966788
2025-07-20T23:08,1.4321809465966808
2025-07-20T23:09,1.3621809465966805
2025-07-20T23:10,1.0821809465966794
2025-07-20T23:11,0.742180946596676
2025-07-20T23:12,0.4121809465966777
2025-07-20T23:13,0.1521809465966797
2025-07-20T23:14,-0.04781905340332315
2025-07-20T23:15,-0.23781905340332088
2025-07-20T23:16,-0.44781905340332173
2025-07-20T23:17,-0.6478190534033246
2025-07-20T23:18,-0.8078190534033212
2025-07-20T23:19,-0.9078190534033226
2025-07-20T23:20,-1.017819053403322
2025-07-20T23:21,-1.0878190534033223
2025-07-20T23:22,-1.1678190534033206
2025-07-20T23:23,-1.2278190534033229
2025-07-20T23:24,-1.3178190534033192
2025-07-20T23:25,-1.4278190534033186
2025-07-20T23:26,-1.4878190534033209
2025-07-20T23:27,-1.52781905340332
2025-07-20T23:28,-1.5878190534033223
2025-07-20T23:29,-1.5878190534033223
2025-07-20T23:30,-1.6278190534033214
2025-07-20T23:31,-1.5978190534033203
2025-07-20T23:32,-1.4078190534033226
2025-07-20T23:33,-1.2278190534033229
2025-07-20T23:34,-1.0578190534033212
2025-07-20T23:35,-0.9178190534033206
2025-07-20T23:36,-0.7878190534033251
2025-07-20T23:37,-0.6678190534033206
2025-07-20T23:38,-0.5878190534033223
2025-07-20T23:39,-0.517819053403322
2025-07-20T23:40,-0.4878190534033209
2025-07-20T23:41,-0.45781905340331974
2025-07-20T23:42,-0.4178190534033206
2025-07-20T23:43,-0.38781905340331946
2025-07-20T23:44,-0.3378190534033223
2025-07-20T23:45,-0.3478190534033203
2025-07-20T23:46,-0.3978190534033246
2025-07-20T23:47,-0.3378190534033223
2025-07-20T23:48,-0.257819053403324
2025-07-20T23:49,-0.21781905340332486
2025-07-20T23:50,-0.18781905340332372
2025-07-20T23:51,-0.12781905340332145
2025-07-20T23:52,-0.07781905340332429
2025-07-20T23:53,-0.0878190534033223
2025-07-20T23:54,-0.13781905340331946
2025-07-20T23:55,-0.18781905340332372
2025-07-20T23:56,-0.23781905340332088
2025-07-20T23:57,-0.267819053403322
2025-07-20T23:58,-0.27781905340332
2025-07-20T23:59,-0.30781905340332116